0 verbose cli /Users/enyata/.nvm/versions/node/v20.19.4/bin/node /Users/enyata/.nvm/versions/node/v20.19.4/bin/npm
1 info using npm@10.8.2
2 info using node@v20.19.4
3 silly config load:file:/Users/enyata/.nvm/versions/node/v20.19.4/lib/node_modules/npm/npmrc
4 silly config load:file:/Users/enyata/Downloads/Implement File Instructions/.npmrc
5 silly config load:file:/Users/enyata/.npmrc
6 silly config load:file:/Users/enyata/.nvm/versions/node/v20.19.4/etc/npmrc
7 verbose title npm install react-router@7.14.1
8 verbose argv "install" "react-router@7.14.1" "--save" "--no-package-lock"
9 verbose logfile logs-max:10 dir:/Users/enyata/Downloads/Implement File Instructions/.npm-cache/_logs/2026-04-13T23_13_42_252Z-
10 verbose logfile /Users/enyata/Downloads/Implement File Instructions/.npm-cache/_logs/2026-04-13T23_13_42_252Z-debug-0.log
11 silly packumentCache heap:2197815296 maxSize:549453824 maxEntrySize:274726912
12 silly logfile start cleaning logs, removing 1 files
13 silly logfile done cleaning log files
14 silly idealTree buildDeps
15 silly fetch manifest @emotion/react@11.14.0
16 silly packumentCache full:https://registry.npmjs.org/@emotion%2freact cache-miss
17 verbose shrinkwrap failed to load node_modules/.package-lock.json out of date, updated: node_modules
18 http fetch GET 200 https://registry.npmjs.org/@emotion%2freact 827ms (cache miss)
19 silly packumentCache full:https://registry.npmjs.org/@emotion%2freact set size:undefined disposed:false
20 silly fetch manifest react@18.3.1
21 silly packumentCache full:https://registry.npmjs.org/react cache-miss
22 http fetch GET 200 https://registry.npmjs.org/react 3737ms (cache updated)
23 silly packumentCache full:https://registry.npmjs.org/react set size:undefined disposed:false
24 silly fetch manifest @emotion/styled@11.14.1
25 silly packumentCache full:https://registry.npmjs.org/@emotion%2fstyled cache-miss
26 http fetch GET 200 https://registry.npmjs.org/@emotion%2fstyled 228ms (cache miss)
27 silly packumentCache full:https://registry.npmjs.org/@emotion%2fstyled set size:undefined disposed:false
28 silly fetch manifest @mui/icons-material@7.3.5
29 silly packumentCache full:https://registry.npmjs.org/@mui%2ficons-material cache-miss
30 http fetch GET 200 https://registry.npmjs.org/@mui%2ficons-material 902ms (cache miss)
31 silly packumentCache full:https://registry.npmjs.org/@mui%2ficons-material set size:undefined disposed:false
32 silly fetch manifest @mui/material@7.3.5
33 silly packumentCache full:https://registry.npmjs.org/@mui%2fmaterial cache-miss
34 http fetch GET 200 https://registry.npmjs.org/@mui%2fmaterial 239ms (cache miss)
35 silly packumentCache full:https://registry.npmjs.org/@mui%2fmaterial set size:undefined disposed:false
36 silly fetch manifest @mui/material-pigment-css@^7.3.5
37 silly packumentCache full:https://registry.npmjs.org/@mui%2fmaterial-pigment-css cache-miss
38 http fetch GET 200 https://registry.npmjs.org/@mui%2fmaterial-pigment-css 229ms (cache miss)
39 silly packumentCache full:https://registry.npmjs.org/@mui%2fmaterial-pigment-css set size:undefined disposed:false
40 silly fetch manifest @pigment-css/react@^0.0.30
41 silly packumentCache full:https://registry.npmjs.org/@pigment-css%2freact cache-miss
42 http fetch GET 200 https://registry.npmjs.org/@pigment-css%2freact 203ms (cache miss)
43 silly packumentCache full:https://registry.npmjs.org/@pigment-css%2freact set size:undefined disposed:false
44 silly fetch manifest @types/react@^17.0.0 || ^18.0.0 || ^19.0.0
45 silly packumentCache full:https://registry.npmjs.org/@types%2freact cache-miss
46 http fetch GET 200 https://registry.npmjs.org/@types%2freact 275ms (cache miss)
47 silly packumentCache full:https://registry.npmjs.org/@types%2freact set size:undefined disposed:false
48 silly fetch manifest react-dom@18.3.1
49 silly packumentCache full:https://registry.npmjs.org/react-dom cache-miss
50 http fetch GET 200 https://registry.npmjs.org/react-dom 468ms (cache updated)
51 silly packumentCache full:https://registry.npmjs.org/react-dom set size:undefined disposed:false
52 silly fetch manifest @popperjs/core@2.11.8
53 silly packumentCache full:https://registry.npmjs.org/@popperjs%2fcore cache-miss
54 http fetch GET 200 https://registry.npmjs.org/@popperjs%2fcore 249ms (cache miss)
55 silly packumentCache full:https://registry.npmjs.org/@popperjs%2fcore set size:undefined disposed:false
56 silly fetch manifest @radix-ui/react-accordion@1.2.3
57 silly packumentCache full:https://registry.npmjs.org/@radix-ui%2freact-accordion cache-miss
58 http fetch GET 200 https://registry.npmjs.org/@radix-ui%2freact-accordion 218ms (cache miss)
59 silly packumentCache full:https://registry.npmjs.org/@radix-ui%2freact-accordion set size:undefined disposed:false
60 silly fetch manifest @types/react@*
61 silly packumentCache full:https://registry.npmjs.org/@types%2freact cache-miss
62 http fetch GET 200 https://registry.npmjs.org/@types%2freact 10ms (cache hit)
63 silly packumentCache full:https://registry.npmjs.org/@types%2freact set size:2588964 disposed:false
64 silly fetch manifest @types/react-dom@*
65 silly packumentCache full:https://registry.npmjs.org/@types%2freact-dom cache-miss
66 http fetch GET 200 https://registry.npmjs.org/@types%2freact-dom 202ms (cache miss)
67 silly packumentCache full:https://registry.npmjs.org/@types%2freact-dom set size:undefined disposed:false
68 silly fetch manifest @radix-ui/react-alert-dialog@1.1.6
69 silly packumentCache full:https://registry.npmjs.org/@radix-ui%2freact-alert-dialog cache-miss
70 http fetch GET 200 https://registry.npmjs.org/@radix-ui%2freact-alert-dialog 287ms (cache miss)
71 silly packumentCache full:https://registry.npmjs.org/@radix-ui%2freact-alert-dialog set size:undefined disposed:false
72 silly fetch manifest @radix-ui/react-aspect-ratio@1.1.2
73 silly packumentCache full:https://registry.npmjs.org/@radix-ui%2freact-aspect-ratio cache-miss
74 http fetch GET 200 https://registry.npmjs.org/@radix-ui%2freact-aspect-ratio 238ms (cache miss)
75 silly packumentCache full:https://registry.npmjs.org/@radix-ui%2freact-aspect-ratio set size:undefined disposed:false
76 silly fetch manifest @radix-ui/react-avatar@1.1.3
77 silly packumentCache full:https://registry.npmjs.org/@radix-ui%2freact-avatar cache-miss
78 http fetch GET 200 https://registry.npmjs.org/@radix-ui%2freact-avatar 229ms (cache miss)
79 silly packumentCache full:https://registry.npmjs.org/@radix-ui%2freact-avatar set size:undefined disposed:false
80 silly fetch manifest @radix-ui/react-checkbox@1.1.4
81 silly packumentCache full:https://registry.npmjs.org/@radix-ui%2freact-checkbox cache-miss
82 http fetch GET 200 https://registry.npmjs.org/@radix-ui%2freact-checkbox 271ms (cache miss)
83 silly packumentCache full:https://registry.npmjs.org/@radix-ui%2freact-checkbox set size:undefined disposed:false
84 silly fetch manifest @radix-ui/react-collapsible@1.1.3
85 silly packumentCache full:https://registry.npmjs.org/@radix-ui%2freact-collapsible cache-miss
86 http fetch GET 200 https://registry.npmjs.org/@radix-ui%2freact-collapsible 217ms (cache miss)
87 silly packumentCache full:https://registry.npmjs.org/@radix-ui%2freact-collapsible set size:undefined disposed:false
88 silly fetch manifest @radix-ui/react-context-menu@2.2.6
89 silly packumentCache full:https://registry.npmjs.org/@radix-ui%2freact-context-menu cache-miss
90 http fetch GET 200 https://registry.npmjs.org/@radix-ui%2freact-context-menu 238ms (cache miss)
91 silly packumentCache full:https://registry.npmjs.org/@radix-ui%2freact-context-menu set size:undefined disposed:false
92 silly fetch manifest @radix-ui/react-dialog@1.1.6
93 silly packumentCache full:https://registry.npmjs.org/@radix-ui%2freact-dialog cache-miss
94 http fetch GET 200 https://registry.npmjs.org/@radix-ui%2freact-dialog 229ms (cache miss)
95 silly packumentCache full:https://registry.npmjs.org/@radix-ui%2freact-dialog set size:undefined disposed:false
96 silly fetch manifest @radix-ui/react-dropdown-menu@2.1.6
97 silly packumentCache full:https://registry.npmjs.org/@radix-ui%2freact-dropdown-menu cache-miss
98 http fetch GET https://registry.npmjs.org/@radix-ui%2freact-dropdown-menu attempt 1 failed with ERR_SSL_SSLV3_ALERT_BAD_RECORD_MAC
99 http fetch GET 200 https://registry.npmjs.org/@radix-ui%2freact-dropdown-menu 11489ms attempt #2 (cache miss)
100 silly packumentCache full:https://registry.npmjs.org/@radix-ui%2freact-dropdown-menu set size:undefined disposed:false
101 silly fetch manifest @radix-ui/react-hover-card@1.1.6
102 silly packumentCache full:https://registry.npmjs.org/@radix-ui%2freact-hover-card cache-miss
103 http fetch GET 200 https://registry.npmjs.org/@radix-ui%2freact-hover-card 382ms (cache miss)
104 silly packumentCache full:https://registry.npmjs.org/@radix-ui%2freact-hover-card set size:undefined disposed:false
105 silly fetch manifest @radix-ui/react-label@2.1.2
106 silly packumentCache full:https://registry.npmjs.org/@radix-ui%2freact-label cache-miss
107 http fetch GET 200 https://registry.npmjs.org/@radix-ui%2freact-label 241ms (cache miss)
108 silly packumentCache full:https://registry.npmjs.org/@radix-ui%2freact-label set size:undefined disposed:false
109 silly fetch manifest @radix-ui/react-menubar@1.1.6
110 silly packumentCache full:https://registry.npmjs.org/@radix-ui%2freact-menubar cache-miss
111 http fetch GET 200 https://registry.npmjs.org/@radix-ui%2freact-menubar 427ms (cache miss)
112 silly packumentCache full:https://registry.npmjs.org/@radix-ui%2freact-menubar set size:undefined disposed:false
113 silly fetch manifest @radix-ui/react-navigation-menu@1.2.5
114 silly packumentCache full:https://registry.npmjs.org/@radix-ui%2freact-navigation-menu cache-miss
115 http fetch GET 200 https://registry.npmjs.org/@radix-ui%2freact-navigation-menu 252ms (cache miss)
116 silly packumentCache full:https://registry.npmjs.org/@radix-ui%2freact-navigation-menu set size:undefined disposed:false
117 silly fetch manifest @radix-ui/react-popover@1.1.6
118 silly packumentCache full:https://registry.npmjs.org/@radix-ui%2freact-popover cache-miss
119 http fetch GET 200 https://registry.npmjs.org/@radix-ui%2freact-popover 282ms (cache miss)
120 silly packumentCache full:https://registry.npmjs.org/@radix-ui%2freact-popover set size:undefined disposed:false
121 silly fetch manifest @radix-ui/react-progress@1.1.2
122 silly packumentCache full:https://registry.npmjs.org/@radix-ui%2freact-progress cache-miss
123 http fetch GET 200 https://registry.npmjs.org/@radix-ui%2freact-progress 255ms (cache miss)
124 silly packumentCache full:https://registry.npmjs.org/@radix-ui%2freact-progress set size:undefined disposed:false
125 silly fetch manifest @radix-ui/react-radio-group@1.2.3
126 silly packumentCache full:https://registry.npmjs.org/@radix-ui%2freact-radio-group cache-miss
127 http fetch GET 200 https://registry.npmjs.org/@radix-ui%2freact-radio-group 260ms (cache miss)
128 silly packumentCache full:https://registry.npmjs.org/@radix-ui%2freact-radio-group set size:undefined disposed:false
129 silly fetch manifest @radix-ui/react-scroll-area@1.2.3
130 silly packumentCache full:https://registry.npmjs.org/@radix-ui%2freact-scroll-area cache-miss
131 http fetch GET 200 https://registry.npmjs.org/@radix-ui%2freact-scroll-area 254ms (cache miss)
132 silly packumentCache full:https://registry.npmjs.org/@radix-ui%2freact-scroll-area set size:undefined disposed:false
133 silly fetch manifest @radix-ui/react-select@2.1.6
134 silly packumentCache full:https://registry.npmjs.org/@radix-ui%2freact-select cache-miss
135 http fetch GET 200 https://registry.npmjs.org/@radix-ui%2freact-select 256ms (cache miss)
136 silly packumentCache full:https://registry.npmjs.org/@radix-ui%2freact-select set size:undefined disposed:false
137 silly fetch manifest @radix-ui/react-separator@1.1.2
138 silly packumentCache full:https://registry.npmjs.org/@radix-ui%2freact-separator cache-miss
139 http fetch GET 200 https://registry.npmjs.org/@radix-ui%2freact-separator 305ms (cache miss)
140 silly packumentCache full:https://registry.npmjs.org/@radix-ui%2freact-separator set size:undefined disposed:false
141 silly fetch manifest @radix-ui/react-slider@1.2.3
142 silly packumentCache full:https://registry.npmjs.org/@radix-ui%2freact-slider cache-miss
143 http fetch GET 200 https://registry.npmjs.org/@radix-ui%2freact-slider 255ms (cache miss)
144 silly packumentCache full:https://registry.npmjs.org/@radix-ui%2freact-slider set size:undefined disposed:false
145 silly fetch manifest @radix-ui/react-slot@1.1.2
146 silly packumentCache full:https://registry.npmjs.org/@radix-ui%2freact-slot cache-miss
147 http fetch GET 200 https://registry.npmjs.org/@radix-ui%2freact-slot 220ms (cache miss)
148 silly packumentCache full:https://registry.npmjs.org/@radix-ui%2freact-slot set size:undefined disposed:false
149 silly fetch manifest @radix-ui/react-switch@1.1.3
150 silly packumentCache full:https://registry.npmjs.org/@radix-ui%2freact-switch cache-miss
151 http fetch GET 200 https://registry.npmjs.org/@radix-ui%2freact-switch 257ms (cache miss)
152 silly packumentCache full:https://registry.npmjs.org/@radix-ui%2freact-switch set size:undefined disposed:false
153 silly fetch manifest @radix-ui/react-tabs@1.1.3
154 silly packumentCache full:https://registry.npmjs.org/@radix-ui%2freact-tabs cache-miss
155 http fetch GET 200 https://registry.npmjs.org/@radix-ui%2freact-tabs 252ms (cache miss)
156 silly packumentCache full:https://registry.npmjs.org/@radix-ui%2freact-tabs set size:undefined disposed:false
157 silly fetch manifest @radix-ui/react-toggle@1.1.2
158 silly packumentCache full:https://registry.npmjs.org/@radix-ui%2freact-toggle cache-miss
159 http fetch GET 200 https://registry.npmjs.org/@radix-ui%2freact-toggle 243ms (cache miss)
160 silly packumentCache full:https://registry.npmjs.org/@radix-ui%2freact-toggle set size:undefined disposed:false
161 silly fetch manifest @radix-ui/react-toggle-group@1.1.2
162 silly packumentCache full:https://registry.npmjs.org/@radix-ui%2freact-toggle-group cache-miss
163 http fetch GET 200 https://registry.npmjs.org/@radix-ui%2freact-toggle-group 253ms (cache miss)
164 silly packumentCache full:https://registry.npmjs.org/@radix-ui%2freact-toggle-group set size:undefined disposed:false
165 silly fetch manifest @radix-ui/react-tooltip@1.1.8
166 silly packumentCache full:https://registry.npmjs.org/@radix-ui%2freact-tooltip cache-miss
167 http fetch GET 200 https://registry.npmjs.org/@radix-ui%2freact-tooltip 271ms (cache miss)
168 silly packumentCache full:https://registry.npmjs.org/@radix-ui%2freact-tooltip set size:undefined disposed:false
169 silly fetch manifest axios@^1.15.0
170 silly packumentCache full:https://registry.npmjs.org/axios cache-miss
171 http fetch GET 200 https://registry.npmjs.org/axios 201ms (cache miss)
172 silly packumentCache full:https://registry.npmjs.org/axios set size:undefined disposed:false
173 silly fetch manifest canvas-confetti@1.9.4
174 silly packumentCache full:https://registry.npmjs.org/canvas-confetti cache-miss
175 http fetch GET 200 https://registry.npmjs.org/canvas-confetti 324ms (cache miss)
176 silly packumentCache full:https://registry.npmjs.org/canvas-confetti set size:undefined disposed:false
177 silly fetch manifest class-variance-authority@0.7.1
178 silly packumentCache full:https://registry.npmjs.org/class-variance-authority cache-miss
179 http fetch GET 200 https://registry.npmjs.org/class-variance-authority 180ms (cache miss)
180 silly packumentCache full:https://registry.npmjs.org/class-variance-authority set size:undefined disposed:false
181 silly fetch manifest clsx@2.1.1
182 silly packumentCache full:https://registry.npmjs.org/clsx cache-miss
183 http fetch GET 200 https://registry.npmjs.org/clsx 189ms (cache miss)
184 silly packumentCache full:https://registry.npmjs.org/clsx set size:undefined disposed:false
185 silly fetch manifest cmdk@1.1.1
186 silly packumentCache full:https://registry.npmjs.org/cmdk cache-miss
187 http fetch GET 200 https://registry.npmjs.org/cmdk 185ms (cache miss)
188 silly packumentCache full:https://registry.npmjs.org/cmdk set size:undefined disposed:false
189 silly fetch manifest date-fns@3.6.0
190 silly packumentCache full:https://registry.npmjs.org/date-fns cache-miss
191 http fetch GET 200 https://registry.npmjs.org/date-fns 383ms (cache miss)
192 silly packumentCache full:https://registry.npmjs.org/date-fns set size:undefined disposed:false
193 silly fetch manifest embla-carousel-react@8.6.0
194 silly packumentCache full:https://registry.npmjs.org/embla-carousel-react cache-miss
195 http fetch GET 200 https://registry.npmjs.org/embla-carousel-react 324ms (cache miss)
196 silly packumentCache full:https://registry.npmjs.org/embla-carousel-react set size:undefined disposed:false
197 silly fetch manifest input-otp@1.4.2
198 silly packumentCache full:https://registry.npmjs.org/input-otp cache-miss
199 http fetch GET 200 https://registry.npmjs.org/input-otp 178ms (cache miss)
200 silly packumentCache full:https://registry.npmjs.org/input-otp set size:undefined disposed:false
201 silly fetch manifest lodash-es@^4.18.1
202 silly packumentCache full:https://registry.npmjs.org/lodash-es cache-miss
203 http fetch GET 200 https://registry.npmjs.org/lodash-es 178ms (cache revalidated)
204 silly packumentCache full:https://registry.npmjs.org/lodash-es set size:142463 disposed:false
205 silly fetch manifest lucide-react@0.487.0
206 silly packumentCache full:https://registry.npmjs.org/lucide-react cache-miss
207 http fetch GET 200 https://registry.npmjs.org/lucide-react 254ms (cache miss)
208 silly packumentCache full:https://registry.npmjs.org/lucide-react set size:undefined disposed:false
209 silly fetch manifest motion@12.23.24
210 silly packumentCache full:https://registry.npmjs.org/motion cache-miss
211 http fetch GET 200 https://registry.npmjs.org/motion 221ms (cache miss)
212 silly packumentCache full:https://registry.npmjs.org/motion set size:undefined disposed:false
213 silly fetch manifest @emotion/is-prop-valid@*
214 silly packumentCache full:https://registry.npmjs.org/@emotion%2fis-prop-valid cache-miss
215 http fetch GET 200 https://registry.npmjs.org/@emotion%2fis-prop-valid 206ms (cache miss)
216 silly packumentCache full:https://registry.npmjs.org/@emotion%2fis-prop-valid set size:undefined disposed:false
217 silly fetch manifest next-themes@0.4.6
218 silly packumentCache full:https://registry.npmjs.org/next-themes cache-miss
219 http fetch GET 200 https://registry.npmjs.org/next-themes 181ms (cache miss)
220 silly packumentCache full:https://registry.npmjs.org/next-themes set size:undefined disposed:false
221 silly fetch manifest react-day-picker@8.10.1
222 silly packumentCache full:https://registry.npmjs.org/react-day-picker cache-miss
223 http fetch GET 200 https://registry.npmjs.org/react-day-picker 194ms (cache miss)
224 silly packumentCache full:https://registry.npmjs.org/react-day-picker set size:undefined disposed:false
225 silly fetch manifest react-dnd@16.0.1
226 silly packumentCache full:https://registry.npmjs.org/react-dnd cache-miss
227 http fetch GET 200 https://registry.npmjs.org/react-dnd 194ms (cache miss)
228 silly packumentCache full:https://registry.npmjs.org/react-dnd set size:undefined disposed:false
229 silly fetch manifest @types/hoist-non-react-statics@>= 3.3.1
230 silly packumentCache full:https://registry.npmjs.org/@types%2fhoist-non-react-statics cache-miss
231 http fetch GET 200 https://registry.npmjs.org/@types%2fhoist-non-react-statics 188ms (cache miss)
232 silly packumentCache full:https://registry.npmjs.org/@types%2fhoist-non-react-statics set size:undefined disposed:false
233 silly fetch manifest @types/node@>= 12
234 silly packumentCache full:https://registry.npmjs.org/@types%2fnode cache-miss
235 http fetch GET 200 https://registry.npmjs.org/@types%2fnode 411ms (cache miss)
236 silly packumentCache full:https://registry.npmjs.org/@types%2fnode set size:undefined disposed:false
237 silly fetch manifest react-dnd-html5-backend@16.0.1
238 silly packumentCache full:https://registry.npmjs.org/react-dnd-html5-backend cache-miss
239 http fetch GET 200 https://registry.npmjs.org/react-dnd-html5-backend 179ms (cache miss)
240 silly packumentCache full:https://registry.npmjs.org/react-dnd-html5-backend set size:undefined disposed:false
241 silly fetch manifest react-hook-form@7.55.0
242 silly packumentCache full:https://registry.npmjs.org/react-hook-form cache-miss
243 http fetch GET 200 https://registry.npmjs.org/react-hook-form 420ms (cache miss)
244 silly packumentCache full:https://registry.npmjs.org/react-hook-form set size:undefined disposed:false
245 silly fetch manifest react-popper@2.3.0
246 silly packumentCache full:https://registry.npmjs.org/react-popper cache-miss
247 http fetch GET 200 https://registry.npmjs.org/react-popper 192ms (cache miss)
248 silly packumentCache full:https://registry.npmjs.org/react-popper set size:undefined disposed:false
249 silly fetch manifest react-resizable-panels@2.1.7
250 silly packumentCache full:https://registry.npmjs.org/react-resizable-panels cache-miss
251 http fetch GET 200 https://registry.npmjs.org/react-resizable-panels 475ms (cache miss)
252 silly packumentCache full:https://registry.npmjs.org/react-resizable-panels set size:undefined disposed:false
253 silly fetch manifest react-responsive-masonry@2.7.1
254 silly packumentCache full:https://registry.npmjs.org/react-responsive-masonry cache-miss
255 http fetch GET 200 https://registry.npmjs.org/react-responsive-masonry 624ms (cache miss)
256 silly packumentCache full:https://registry.npmjs.org/react-responsive-masonry set size:undefined disposed:false
257 silly fetch manifest react-router@7.14.1
258 silly packumentCache full:https://registry.npmjs.org/react-router cache-miss
259 http fetch GET 200 https://registry.npmjs.org/react-router 249ms (cache updated)
260 silly packumentCache full:https://registry.npmjs.org/react-router set size:undefined disposed:false
261 silly fetch manifest react-router-dom@^7.13.0
262 silly packumentCache full:https://registry.npmjs.org/react-router-dom cache-miss
263 http fetch GET 200 https://registry.npmjs.org/react-router-dom 232ms (cache updated)
264 silly packumentCache full:https://registry.npmjs.org/react-router-dom set size:undefined disposed:false
265 silly fetch manifest react-slick@0.31.0
266 silly packumentCache full:https://registry.npmjs.org/react-slick cache-miss
267 http fetch GET 200 https://registry.npmjs.org/react-slick 306ms (cache miss)
268 silly packumentCache full:https://registry.npmjs.org/react-slick set size:undefined disposed:false
269 silly fetch manifest recharts@2.15.2
270 silly packumentCache full:https://registry.npmjs.org/recharts cache-miss
271 http fetch GET 200 https://registry.npmjs.org/recharts 201ms (cache miss)
272 silly packumentCache full:https://registry.npmjs.org/recharts set size:undefined disposed:false
273 silly fetch manifest sonner@2.0.3
274 silly packumentCache full:https://registry.npmjs.org/sonner cache-miss
275 http fetch GET 200 https://registry.npmjs.org/sonner 173ms (cache miss)
276 silly packumentCache full:https://registry.npmjs.org/sonner set size:undefined disposed:false
277 silly fetch manifest tailwind-merge@3.2.0
278 silly packumentCache full:https://registry.npmjs.org/tailwind-merge cache-miss
279 http fetch GET 200 https://registry.npmjs.org/tailwind-merge 221ms (cache miss)
280 silly packumentCache full:https://registry.npmjs.org/tailwind-merge set size:undefined disposed:false
281 silly fetch manifest tw-animate-css@1.3.8
282 silly packumentCache full:https://registry.npmjs.org/tw-animate-css cache-miss
283 http fetch GET 200 https://registry.npmjs.org/tw-animate-css 174ms (cache miss)
284 silly packumentCache full:https://registry.npmjs.org/tw-animate-css set size:undefined disposed:false
285 silly fetch manifest vaul@1.1.2
286 silly packumentCache full:https://registry.npmjs.org/vaul cache-miss
287 http fetch GET 200 https://registry.npmjs.org/vaul 189ms (cache miss)
288 silly packumentCache full:https://registry.npmjs.org/vaul set size:undefined disposed:false
289 silly fetch manifest xlsx@0.18.5
290 silly packumentCache full:https://registry.npmjs.org/xlsx cache-miss
291 http fetch GET 200 https://registry.npmjs.org/xlsx 171ms (cache revalidated)
292 silly packumentCache full:https://registry.npmjs.org/xlsx set size:332281 disposed:false
293 silly fetch manifest @tailwindcss/vite@4.1.12
294 silly packumentCache full:https://registry.npmjs.org/@tailwindcss%2fvite cache-miss
295 http fetch GET 200 https://registry.npmjs.org/@tailwindcss%2fvite 224ms (cache miss)
296 silly packumentCache full:https://registry.npmjs.org/@tailwindcss%2fvite set size:undefined disposed:false
297 silly fetch manifest vite@6.3.5
298 silly packumentCache full:https://registry.npmjs.org/vite cache-miss
299 http fetch GET 200 https://registry.npmjs.org/vite 840ms (cache miss)
300 silly packumentCache full:https://registry.npmjs.org/vite set size:undefined disposed:false
301 silly fetch manifest @types/node@^18.0.0 || ^20.0.0 || >=22.0.0
302 silly packumentCache full:https://registry.npmjs.org/@types%2fnode cache-miss
303 http fetch GET 200 https://registry.npmjs.org/@types%2fnode 35ms (cache hit)
304 silly packumentCache full:https://registry.npmjs.org/@types%2fnode set size:10972342 disposed:false
305 silly fetch manifest jiti@>=1.21.0
306 silly packumentCache full:https://registry.npmjs.org/jiti cache-miss
307 http fetch GET 200 https://registry.npmjs.org/jiti 199ms (cache miss)
308 silly packumentCache full:https://registry.npmjs.org/jiti set size:undefined disposed:false
309 silly fetch manifest less@*
310 silly packumentCache full:https://registry.npmjs.org/less cache-miss
311 http fetch GET 200 https://registry.npmjs.org/less 188ms (cache miss)
312 silly packumentCache full:https://registry.npmjs.org/less set size:undefined disposed:false
313 silly fetch manifest lightningcss@^1.21.0
314 silly packumentCache full:https://registry.npmjs.org/lightningcss cache-miss
315 http fetch GET 200 https://registry.npmjs.org/lightningcss 178ms (cache miss)
316 silly packumentCache full:https://registry.npmjs.org/lightningcss set size:undefined disposed:false
317 silly fetch manifest sass@*
318 silly packumentCache full:https://registry.npmjs.org/sass cache-miss
319 http fetch GET 200 https://registry.npmjs.org/sass 197ms (cache miss)
320 silly packumentCache full:https://registry.npmjs.org/sass set size:undefined disposed:false
321 silly fetch manifest sass-embedded@*
322 silly packumentCache full:https://registry.npmjs.org/sass-embedded cache-miss
323 http fetch GET 200 https://registry.npmjs.org/sass-embedded 200ms (cache miss)
324 silly packumentCache full:https://registry.npmjs.org/sass-embedded set size:undefined disposed:false
325 silly fetch manifest stylus@*
326 silly packumentCache full:https://registry.npmjs.org/stylus cache-miss
327 http fetch GET 200 https://registry.npmjs.org/stylus 181ms (cache miss)
328 silly packumentCache full:https://registry.npmjs.org/stylus set size:undefined disposed:false
329 silly fetch manifest sugarss@*
330 silly packumentCache full:https://registry.npmjs.org/sugarss cache-miss
331 http fetch GET 200 https://registry.npmjs.org/sugarss 184ms (cache miss)
332 silly packumentCache full:https://registry.npmjs.org/sugarss set size:undefined disposed:false
333 silly fetch manifest postcss@^8.3.3
334 silly packumentCache full:https://registry.npmjs.org/postcss cache-miss
335 http fetch GET 200 https://registry.npmjs.org/postcss 187ms (cache miss)
336 silly packumentCache full:https://registry.npmjs.org/postcss set size:undefined disposed:false
337 silly fetch manifest terser@^5.16.0
338 silly packumentCache full:https://registry.npmjs.org/terser cache-miss
339 http fetch GET 200 https://registry.npmjs.org/terser 207ms (cache miss)
340 silly packumentCache full:https://registry.npmjs.org/terser set size:undefined disposed:false
341 silly fetch manifest tsx@^4.8.1
342 silly packumentCache full:https://registry.npmjs.org/tsx cache-miss
343 http fetch GET 200 https://registry.npmjs.org/tsx 184ms (cache miss)
344 silly packumentCache full:https://registry.npmjs.org/tsx set size:undefined disposed:false
345 silly fetch manifest yaml@^2.4.2
346 silly packumentCache full:https://registry.npmjs.org/yaml cache-miss
347 http fetch GET 200 https://registry.npmjs.org/yaml 184ms (cache miss)
348 silly packumentCache full:https://registry.npmjs.org/yaml set size:undefined disposed:false
349 silly fetch manifest @vitejs/plugin-react@4.7.0
350 silly packumentCache full:https://registry.npmjs.org/@vitejs%2fplugin-react cache-miss
351 http fetch GET 200 https://registry.npmjs.org/@vitejs%2fplugin-react 199ms (cache miss)
352 silly packumentCache full:https://registry.npmjs.org/@vitejs%2fplugin-react set size:undefined disposed:false
353 silly fetch manifest tailwindcss@4.1.12
354 silly packumentCache full:https://registry.npmjs.org/tailwindcss cache-miss
355 http fetch GET 200 https://registry.npmjs.org/tailwindcss 387ms (cache miss)
356 silly packumentCache full:https://registry.npmjs.org/tailwindcss set size:undefined disposed:false
357 silly placeDep ROOT @emotion/react@11.14.0 OK for: @figma/my-make-file@0.0.1 want: 11.14.0
358 silly placeDep ROOT react@18.3.1 OK for: @emotion/react@11.14.0 want: >=16.8.0
359 silly placeDep ROOT @emotion/styled@11.14.1 OK for: @figma/my-make-file@0.0.1 want: 11.14.1
360 silly placeDep ROOT @mui/icons-material@7.3.5 OK for: @figma/my-make-file@0.0.1 want: 7.3.5
361 silly placeDep ROOT @mui/material@7.3.5 OK for: @mui/icons-material@7.3.5 want: ^7.3.5
362 silly placeDep ROOT react-dom@18.3.1 OK for: @mui/material@7.3.5 want: ^17.0.0 || ^18.0.0 || ^19.0.0
363 silly placeDep ROOT @popperjs/core@2.11.8 OK for: @figma/my-make-file@0.0.1 want: 2.11.8
364 silly placeDep ROOT @radix-ui/react-accordion@1.2.3 OK for: @figma/my-make-file@0.0.1 want: 1.2.3
365 silly placeDep ROOT @radix-ui/react-alert-dialog@1.1.6 OK for: @figma/my-make-file@0.0.1 want: 1.1.6
366 silly placeDep ROOT @radix-ui/react-aspect-ratio@1.1.2 OK for: @figma/my-make-file@0.0.1 want: 1.1.2
367 silly placeDep ROOT @radix-ui/react-avatar@1.1.3 OK for: @figma/my-make-file@0.0.1 want: 1.1.3
368 silly placeDep ROOT @radix-ui/react-checkbox@1.1.4 OK for: @figma/my-make-file@0.0.1 want: 1.1.4
369 silly placeDep ROOT @radix-ui/react-collapsible@1.1.3 OK for: @figma/my-make-file@0.0.1 want: 1.1.3
370 silly placeDep ROOT @radix-ui/react-context-menu@2.2.6 OK for: @figma/my-make-file@0.0.1 want: 2.2.6
371 silly placeDep ROOT @radix-ui/react-dialog@1.1.6 OK for: @figma/my-make-file@0.0.1 want: 1.1.6
372 silly placeDep ROOT @radix-ui/react-dropdown-menu@2.1.6 OK for: @figma/my-make-file@0.0.1 want: 2.1.6
373 silly placeDep ROOT @radix-ui/react-hover-card@1.1.6 OK for: @figma/my-make-file@0.0.1 want: 1.1.6
374 silly placeDep ROOT @radix-ui/react-label@2.1.2 OK for: @figma/my-make-file@0.0.1 want: 2.1.2
375 silly placeDep ROOT @radix-ui/react-menubar@1.1.6 OK for: @figma/my-make-file@0.0.1 want: 1.1.6
376 silly placeDep ROOT @radix-ui/react-navigation-menu@1.2.5 OK for: @figma/my-make-file@0.0.1 want: 1.2.5
377 silly placeDep ROOT @radix-ui/react-popover@1.1.6 OK for: @figma/my-make-file@0.0.1 want: 1.1.6
378 silly placeDep ROOT @radix-ui/react-progress@1.1.2 OK for: @figma/my-make-file@0.0.1 want: 1.1.2
379 silly placeDep ROOT @radix-ui/react-radio-group@1.2.3 OK for: @figma/my-make-file@0.0.1 want: 1.2.3
380 silly placeDep ROOT @radix-ui/react-scroll-area@1.2.3 OK for: @figma/my-make-file@0.0.1 want: 1.2.3
381 silly placeDep ROOT @radix-ui/react-select@2.1.6 OK for: @figma/my-make-file@0.0.1 want: 2.1.6
382 silly placeDep ROOT @radix-ui/react-separator@1.1.2 OK for: @figma/my-make-file@0.0.1 want: 1.1.2
383 silly placeDep ROOT @radix-ui/react-slider@1.2.3 OK for: @figma/my-make-file@0.0.1 want: 1.2.3
384 silly placeDep ROOT @radix-ui/react-slot@1.1.2 OK for: @figma/my-make-file@0.0.1 want: 1.1.2
385 silly placeDep ROOT @radix-ui/react-switch@1.1.3 OK for: @figma/my-make-file@0.0.1 want: 1.1.3
386 silly placeDep ROOT @radix-ui/react-tabs@1.1.3 OK for: @figma/my-make-file@0.0.1 want: 1.1.3
387 silly placeDep ROOT @radix-ui/react-toggle@1.1.2 OK for: @figma/my-make-file@0.0.1 want: 1.1.2
388 silly placeDep ROOT @radix-ui/react-toggle-group@1.1.2 OK for: @figma/my-make-file@0.0.1 want: 1.1.2
389 silly placeDep ROOT @radix-ui/react-tooltip@1.1.8 OK for: @figma/my-make-file@0.0.1 want: 1.1.8
390 silly placeDep ROOT @tailwindcss/vite@4.1.12 OK for: @figma/my-make-file@0.0.1 want: 4.1.12
391 silly placeDep ROOT vite@6.3.5 OK for: @tailwindcss/vite@4.1.12 want: ^5.2.0 || ^6 || ^7
392 silly placeDep ROOT @vitejs/plugin-react@4.7.0 OK for: @figma/my-make-file@0.0.1 want: 4.7.0
393 silly placeDep ROOT axios@1.15.0 OK for: @figma/my-make-file@0.0.1 want: ^1.15.0
394 silly placeDep ROOT canvas-confetti@1.9.4 OK for: @figma/my-make-file@0.0.1 want: 1.9.4
395 silly placeDep ROOT class-variance-authority@0.7.1 OK for: @figma/my-make-file@0.0.1 want: 0.7.1
396 silly placeDep ROOT clsx@2.1.1 OK for: @figma/my-make-file@0.0.1 want: 2.1.1
397 silly placeDep ROOT cmdk@1.1.1 OK for: @figma/my-make-file@0.0.1 want: 1.1.1
398 silly placeDep ROOT date-fns@3.6.0 OK for: @figma/my-make-file@0.0.1 want: 3.6.0
399 silly placeDep ROOT embla-carousel-react@8.6.0 OK for: @figma/my-make-file@0.0.1 want: 8.6.0
400 silly placeDep ROOT input-otp@1.4.2 OK for: @figma/my-make-file@0.0.1 want: 1.4.2
401 silly placeDep ROOT lodash-es@4.18.1 OK for: @figma/my-make-file@0.0.1 want: ^4.18.1
402 silly placeDep ROOT lucide-react@0.487.0 OK for: @figma/my-make-file@0.0.1 want: 0.487.0
403 silly placeDep ROOT motion@12.23.24 OK for: @figma/my-make-file@0.0.1 want: 12.23.24
404 silly placeDep ROOT next-themes@0.4.6 OK for: @figma/my-make-file@0.0.1 want: 0.4.6
405 silly placeDep ROOT react-day-picker@8.10.1 OK for: @figma/my-make-file@0.0.1 want: 8.10.1
406 silly placeDep ROOT react-dnd@16.0.1 OK for: @figma/my-make-file@0.0.1 want: 16.0.1
407 silly placeDep ROOT react-dnd-html5-backend@16.0.1 OK for: @figma/my-make-file@0.0.1 want: 16.0.1
408 silly placeDep ROOT react-hook-form@7.55.0 OK for: @figma/my-make-file@0.0.1 want: 7.55.0
409 silly placeDep ROOT react-popper@2.3.0 OK for: @figma/my-make-file@0.0.1 want: 2.3.0
410 silly placeDep ROOT react-resizable-panels@2.1.7 OK for: @figma/my-make-file@0.0.1 want: 2.1.7
411 silly placeDep ROOT react-responsive-masonry@2.7.1 OK for: @figma/my-make-file@0.0.1 want: 2.7.1
412 silly placeDep ROOT react-router@7.14.1 OK for: @figma/my-make-file@0.0.1 want: 7.14.1
413 silly placeDep ROOT react-router-dom@7.14.1 OK for: @figma/my-make-file@0.0.1 want: ^7.13.0
414 silly placeDep ROOT react-slick@0.31.0 OK for: @figma/my-make-file@0.0.1 want: 0.31.0
415 silly placeDep ROOT recharts@2.15.2 OK for: @figma/my-make-file@0.0.1 want: 2.15.2
416 silly placeDep ROOT sonner@2.0.3 OK for: @figma/my-make-file@0.0.1 want: 2.0.3
417 silly placeDep ROOT tailwind-merge@3.2.0 OK for: @figma/my-make-file@0.0.1 want: 3.2.0
418 silly placeDep ROOT tailwindcss@4.1.12 OK for: @figma/my-make-file@0.0.1 want: 4.1.12
419 silly placeDep ROOT tw-animate-css@1.3.8 OK for: @figma/my-make-file@0.0.1 want: 1.3.8
420 silly placeDep ROOT vaul@1.1.2 OK for: @figma/my-make-file@0.0.1 want: 1.1.2
421 silly placeDep ROOT xlsx@0.18.5 OK for: @figma/my-make-file@0.0.1 want: 0.18.5
422 silly fetch manifest @babel/runtime@^7.18.3
423 silly packumentCache full:https://registry.npmjs.org/@babel%2fruntime cache-miss
424 silly fetch manifest @emotion/babel-plugin@^11.13.5
425 silly packumentCache full:https://registry.npmjs.org/@emotion%2fbabel-plugin cache-miss
426 silly fetch manifest @emotion/cache@^11.14.0
427 silly packumentCache full:https://registry.npmjs.org/@emotion%2fcache cache-miss
428 silly fetch manifest @emotion/serialize@^1.3.3
429 silly packumentCache full:https://registry.npmjs.org/@emotion%2fserialize cache-miss
430 silly fetch manifest @emotion/use-insertion-effect-with-fallbacks@^1.2.0
431 silly packumentCache full:https://registry.npmjs.org/@emotion%2fuse-insertion-effect-with-fallbacks cache-miss
432 silly fetch manifest @emotion/utils@^1.4.2
433 silly packumentCache full:https://registry.npmjs.org/@emotion%2futils cache-miss
434 silly fetch manifest @emotion/weak-memoize@^0.4.0
435 silly packumentCache full:https://registry.npmjs.org/@emotion%2fweak-memoize cache-miss
436 http fetch GET 200 https://registry.npmjs.org/@babel%2fruntime 243ms (cache miss)
437 silly packumentCache full:https://registry.npmjs.org/@babel%2fruntime set size:undefined disposed:false
438 silly fetch manifest hoist-non-react-statics@^3.3.1
439 silly packumentCache full:https://registry.npmjs.org/hoist-non-react-statics cache-miss
440 http fetch GET 200 https://registry.npmjs.org/hoist-non-react-statics 178ms (cache miss)
441 silly packumentCache full:https://registry.npmjs.org/hoist-non-react-statics set size:undefined disposed:false
442 silly fetch manifest loose-envify@^1.1.0
443 silly packumentCache full:https://registry.npmjs.org/loose-envify cache-miss
444 http fetch GET 200 https://registry.npmjs.org/loose-envify 175ms (cache miss)
445 silly packumentCache full:https://registry.npmjs.org/loose-envify set size:undefined disposed:false
446 silly fetch manifest @emotion/babel-plugin@^11.13.5
447 silly packumentCache full:https://registry.npmjs.org/@emotion%2fbabel-plugin cache-miss
448 http fetch GET 200 https://registry.npmjs.org/@emotion%2fuse-insertion-effect-with-fallbacks 661ms (cache miss)
449 silly packumentCache full:https://registry.npmjs.org/@emotion%2fuse-insertion-effect-with-fallbacks set size:undefined disposed:false
450 silly fetch manifest @emotion/is-prop-valid@^1.3.0
451 silly packumentCache full:https://registry.npmjs.org/@emotion%2fis-prop-valid cache-miss
452 http fetch GET 200 https://registry.npmjs.org/@emotion%2fbabel-plugin 673ms (cache miss)
453 silly packumentCache full:https://registry.npmjs.org/@emotion%2fbabel-plugin set size:undefined disposed:false
454 silly fetch manifest @emotion/serialize@^1.3.3
455 silly packumentCache full:https://registry.npmjs.org/@emotion%2fserialize cache-miss
456 http fetch GET 200 https://registry.npmjs.org/@emotion%2fis-prop-valid 20ms (cache hit)
457 silly packumentCache full:https://registry.npmjs.org/@emotion%2fis-prop-valid set size:96664 disposed:false
458 silly fetch manifest @emotion/utils@^1.4.2
459 silly packumentCache full:https://registry.npmjs.org/@emotion%2futils cache-miss
460 http fetch GET 200 https://registry.npmjs.org/@emotion%2futils 687ms (cache miss)
461 silly packumentCache full:https://registry.npmjs.org/@emotion%2futils set size:undefined disposed:false
462 silly fetch manifest @babel/runtime@^7.28.4
463 silly packumentCache full:https://registry.npmjs.org/@babel%2fruntime cache-miss
464 http fetch GET 200 https://registry.npmjs.org/@babel%2fruntime 11ms (cache hit)
465 silly packumentCache full:https://registry.npmjs.org/@babel%2fruntime set size:3372292 disposed:false
466 silly fetch manifest clsx@^2.1.1
467 silly packumentCache full:https://registry.npmjs.org/clsx cache-miss
468 http fetch GET 200 https://registry.npmjs.org/@emotion%2fserialize 730ms (cache miss)
469 silly packumentCache full:https://registry.npmjs.org/@emotion%2fserialize set size:undefined disposed:false
470 silly fetch manifest csstype@^3.1.3
471 silly packumentCache full:https://registry.npmjs.org/csstype cache-miss
472 http fetch GET 200 https://registry.npmjs.org/clsx 10ms (cache hit)
473 silly packumentCache full:https://registry.npmjs.org/clsx set size:42506 disposed:false
474 silly fetch manifest react-is@^19.2.0
475 silly packumentCache full:https://registry.npmjs.org/react-is cache-miss
476 http fetch GET 200 https://registry.npmjs.org/@emotion%2fcache 739ms (cache miss)
477 silly packumentCache full:https://registry.npmjs.org/@emotion%2fcache set size:undefined disposed:false
478 silly fetch manifest @mui/types@^7.4.8
479 silly packumentCache full:https://registry.npmjs.org/@mui%2ftypes cache-miss
480 http fetch GET 200 https://registry.npmjs.org/@emotion%2fbabel-plugin 193ms (cache miss)
481 silly packumentCache full:https://registry.npmjs.org/@emotion%2fbabel-plugin set size:undefined disposed:false
482 silly fetch manifest @mui/utils@^7.3.5
483 silly packumentCache full:https://registry.npmjs.org/@mui%2futils cache-miss
484 http fetch GET 200 https://registry.npmjs.org/@emotion%2futils 192ms (cache miss)
485 silly packumentCache full:https://registry.npmjs.org/@emotion%2futils set size:undefined disposed:false
486 silly fetch manifest prop-types@^15.8.1
487 silly packumentCache full:https://registry.npmjs.org/prop-types cache-miss
488 http fetch GET 200 https://registry.npmjs.org/@emotion%2fserialize 215ms (cache miss)
489 silly packumentCache full:https://registry.npmjs.org/@emotion%2fserialize set size:undefined disposed:false
490 silly fetch manifest @mui/system@^7.3.5
491 silly packumentCache full:https://registry.npmjs.org/@mui%2fsystem cache-miss
492 http fetch GET 200 https://registry.npmjs.org/@mui%2ftypes 201ms (cache miss)
493 silly packumentCache full:https://registry.npmjs.org/@mui%2ftypes set size:undefined disposed:false
494 silly fetch manifest @popperjs/core@^2.11.8
495 silly packumentCache full:https://registry.npmjs.org/@popperjs%2fcore cache-miss
496 http fetch GET 200 https://registry.npmjs.org/csstype 217ms (cache miss)
497 silly packumentCache full:https://registry.npmjs.org/csstype set size:undefined disposed:false
498 silly fetch manifest react-transition-group@^4.4.5
499 silly packumentCache full:https://registry.npmjs.org/react-transition-group cache-miss
500 http fetch GET 200 https://registry.npmjs.org/@popperjs%2fcore 10ms (cache hit)
501 silly packumentCache full:https://registry.npmjs.org/@popperjs%2fcore set size:579534 disposed:false
502 silly fetch manifest @mui/core-downloads-tracker@^7.3.5
503 silly packumentCache full:https://registry.npmjs.org/@mui%2fcore-downloads-tracker cache-miss
504 http fetch GET 200 https://registry.npmjs.org/@mui%2futils 204ms (cache miss)
505 silly packumentCache full:https://registry.npmjs.org/@mui%2futils set size:undefined disposed:false
506 silly fetch manifest @types/react-transition-group@^4.4.12
507 silly packumentCache full:https://registry.npmjs.org/@types%2freact-transition-group cache-miss
508 http fetch GET 200 https://registry.npmjs.org/prop-types 184ms (cache miss)
509 silly packumentCache full:https://registry.npmjs.org/prop-types set size:undefined disposed:false
510 silly fetch manifest scheduler@^0.23.2
511 silly packumentCache full:https://registry.npmjs.org/scheduler cache-miss
512 http fetch GET 200 https://registry.npmjs.org/react-transition-group 190ms (cache miss)
513 silly packumentCache full:https://registry.npmjs.org/react-transition-group set size:undefined disposed:false
514 silly fetch manifest @radix-ui/react-id@1.1.0
515 silly packumentCache full:https://registry.npmjs.org/@radix-ui%2freact-id cache-miss
516 http fetch GET 200 https://registry.npmjs.org/@mui%2fcore-downloads-tracker 254ms (cache miss)
517 silly packumentCache full:https://registry.npmjs.org/@mui%2fcore-downloads-tracker set size:undefined disposed:false
518 silly fetch manifest @radix-ui/primitive@1.1.1
519 silly packumentCache full:https://registry.npmjs.org/@radix-ui%2fprimitive cache-miss
520 http fetch GET 200 https://registry.npmjs.org/@types%2freact-transition-group 208ms (cache miss)
521 silly packumentCache full:https://registry.npmjs.org/@types%2freact-transition-group set size:undefined disposed:false
522 silly fetch manifest @radix-ui/react-context@1.1.1
523 silly packumentCache full:https://registry.npmjs.org/@radix-ui%2freact-context cache-miss
524 http fetch GET 200 https://registry.npmjs.org/@mui%2fsystem 364ms (cache miss)
525 silly packumentCache full:https://registry.npmjs.org/@mui%2fsystem set size:undefined disposed:false
526 silly fetch manifest @radix-ui/react-direction@1.1.0
527 silly packumentCache full:https://registry.npmjs.org/@radix-ui%2freact-direction cache-miss
528 http fetch GET 200 https://registry.npmjs.org/@radix-ui%2fprimitive 228ms (cache miss)
529 silly packumentCache full:https://registry.npmjs.org/@radix-ui%2fprimitive set size:undefined disposed:false
530 silly fetch manifest @radix-ui/react-primitive@2.0.2
531 silly packumentCache full:https://registry.npmjs.org/@radix-ui%2freact-primitive cache-miss
532 http fetch GET 200 https://registry.npmjs.org/@radix-ui%2freact-id 321ms (cache miss)
533 silly packumentCache full:https://registry.npmjs.org/@radix-ui%2freact-id set size:undefined disposed:false
534 silly fetch manifest @radix-ui/react-collection@1.1.2
535 silly packumentCache full:https://registry.npmjs.org/@radix-ui%2freact-collection cache-miss
536 http fetch GET 200 https://registry.npmjs.org/@radix-ui%2freact-context 227ms (cache miss)
537 silly packumentCache full:https://registry.npmjs.org/@radix-ui%2freact-context set size:undefined disposed:false
538 silly fetch manifest @radix-ui/react-compose-refs@1.1.1
539 silly packumentCache full:https://registry.npmjs.org/@radix-ui%2freact-compose-refs cache-miss
540 http fetch GET 200 https://registry.npmjs.org/react-is 839ms (cache miss)
541 silly packumentCache full:https://registry.npmjs.org/react-is set size:undefined disposed:false
542 silly fetch manifest @radix-ui/react-use-controllable-state@1.1.0
543 silly packumentCache full:https://registry.npmjs.org/@radix-ui%2freact-use-controllable-state cache-miss
544 http fetch GET 200 https://registry.npmjs.org/@radix-ui%2freact-direction 379ms (cache miss)
545 silly packumentCache full:https://registry.npmjs.org/@radix-ui%2freact-direction set size:undefined disposed:false
546 silly fetch manifest @radix-ui/react-primitive@2.0.2
547 silly packumentCache full:https://registry.npmjs.org/@radix-ui%2freact-primitive cache-miss
548 http fetch GET 200 https://registry.npmjs.org/@radix-ui%2freact-compose-refs 204ms (cache miss)
549 silly packumentCache full:https://registry.npmjs.org/@radix-ui%2freact-compose-refs set size:undefined disposed:false
550 silly fetch manifest @radix-ui/react-primitive@2.0.2
551 silly packumentCache full:https://registry.npmjs.org/@radix-ui%2freact-primitive cache-miss
552 http fetch GET 200 https://registry.npmjs.org/@radix-ui%2freact-collection 282ms (cache miss)
553 silly packumentCache full:https://registry.npmjs.org/@radix-ui%2freact-collection set size:undefined disposed:false
554 silly fetch manifest @radix-ui/react-primitive@2.0.2
555 silly packumentCache full:https://registry.npmjs.org/@radix-ui%2freact-primitive cache-miss
556 http fetch GET 200 https://registry.npmjs.org/@radix-ui%2freact-primitive 297ms (cache miss)
557 silly packumentCache full:https://registry.npmjs.org/@radix-ui%2freact-primitive set size:undefined disposed:false
558 silly fetch manifest @radix-ui/react-use-callback-ref@1.1.0
559 silly packumentCache full:https://registry.npmjs.org/@radix-ui%2freact-use-callback-ref cache-miss
560 http fetch GET 200 https://registry.npmjs.org/@radix-ui%2freact-use-controllable-state 235ms (cache miss)
561 silly packumentCache full:https://registry.npmjs.org/@radix-ui%2freact-use-controllable-state set size:undefined disposed:false
562 silly fetch manifest @radix-ui/react-use-layout-effect@1.1.0
563 silly packumentCache full:https://registry.npmjs.org/@radix-ui%2freact-use-layout-effect cache-miss
564 http fetch GET 200 https://registry.npmjs.org/@radix-ui%2freact-primitive 243ms (cache miss)
565 silly packumentCache full:https://registry.npmjs.org/@radix-ui%2freact-primitive set size:undefined disposed:false
566 silly fetch manifest @radix-ui/react-presence@1.1.2
567 silly packumentCache full:https://registry.npmjs.org/@radix-ui%2freact-presence cache-miss
568 http fetch GET 200 https://registry.npmjs.org/@radix-ui%2freact-primitive 221ms (cache miss)
569 silly packumentCache full:https://registry.npmjs.org/@radix-ui%2freact-primitive set size:undefined disposed:false
570 silly fetch manifest @radix-ui/react-use-size@1.1.0
571 silly packumentCache full:https://registry.npmjs.org/@radix-ui%2freact-use-size cache-miss
572 http fetch GET 200 https://registry.npmjs.org/scheduler 884ms (cache miss)
573 silly packumentCache full:https://registry.npmjs.org/scheduler set size:undefined disposed:false
574 silly fetch manifest @radix-ui/react-use-previous@1.1.0
575 silly packumentCache full:https://registry.npmjs.org/@radix-ui%2freact-use-previous cache-miss
576 http fetch GET 200 https://registry.npmjs.org/@radix-ui%2freact-primitive 271ms (cache miss)
577 silly packumentCache full:https://registry.npmjs.org/@radix-ui%2freact-primitive set size:undefined disposed:false
578 silly fetch manifest @radix-ui/react-presence@1.1.2
579 silly packumentCache full:https://registry.npmjs.org/@radix-ui%2freact-presence cache-miss
580 http fetch GET 200 https://registry.npmjs.org/@radix-ui%2freact-use-layout-effect 196ms (cache miss)
581 silly packumentCache full:https://registry.npmjs.org/@radix-ui%2freact-use-layout-effect set size:undefined disposed:false
582 silly fetch manifest @radix-ui/react-menu@2.1.6
583 silly packumentCache full:https://registry.npmjs.org/@radix-ui%2freact-menu cache-miss
584 http fetch GET 200 https://registry.npmjs.org/@radix-ui%2freact-use-size 209ms (cache miss)
585 silly packumentCache full:https://registry.npmjs.org/@radix-ui%2freact-use-size set size:undefined disposed:false
586 silly fetch manifest @radix-ui/react-use-callback-ref@1.1.0
587 silly packumentCache full:https://registry.npmjs.org/@radix-ui%2freact-use-callback-ref cache-miss
588 http fetch GET 200 https://registry.npmjs.org/@radix-ui%2freact-presence 233ms (cache miss)
589 silly packumentCache full:https://registry.npmjs.org/@radix-ui%2freact-presence set size:undefined disposed:false
590 silly fetch manifest aria-hidden@^1.2.4
591 silly packumentCache full:https://registry.npmjs.org/aria-hidden cache-miss
592 http fetch GET 200 https://registry.npmjs.org/@radix-ui%2freact-use-previous 194ms (cache miss)
593 silly packumentCache full:https://registry.npmjs.org/@radix-ui%2freact-use-previous set size:undefined disposed:false
594 silly fetch manifest react-remove-scroll@^2.6.3
595 silly packumentCache full:https://registry.npmjs.org/react-remove-scroll cache-miss
596 http fetch GET 200 https://registry.npmjs.org/@radix-ui%2freact-presence 236ms (cache miss)
597 silly packumentCache full:https://registry.npmjs.org/@radix-ui%2freact-presence set size:undefined disposed:false
598 silly fetch manifest @radix-ui/react-portal@1.1.4
599 silly packumentCache full:https://registry.npmjs.org/@radix-ui%2freact-portal cache-miss
600 http fetch GET 200 https://registry.npmjs.org/@radix-ui%2freact-menu 234ms (cache miss)
601 silly packumentCache full:https://registry.npmjs.org/@radix-ui%2freact-menu set size:undefined disposed:false
602 silly fetch manifest @radix-ui/react-focus-scope@1.1.2
603 silly packumentCache full:https://registry.npmjs.org/@radix-ui%2freact-focus-scope cache-miss
604 http fetch GET 200 https://registry.npmjs.org/aria-hidden 176ms (cache miss)
605 silly packumentCache full:https://registry.npmjs.org/aria-hidden set size:undefined disposed:false
606 silly fetch manifest @radix-ui/react-focus-guards@1.1.1
607 silly packumentCache full:https://registry.npmjs.org/@radix-ui%2freact-focus-guards cache-miss
608 http fetch GET 200 https://registry.npmjs.org/@radix-ui%2freact-use-callback-ref 209ms (cache miss)
609 silly packumentCache full:https://registry.npmjs.org/@radix-ui%2freact-use-callback-ref set size:undefined disposed:false
610 silly fetch manifest @radix-ui/react-dismissable-layer@1.1.5
611 silly packumentCache full:https://registry.npmjs.org/@radix-ui%2freact-dismissable-layer cache-miss
612 http fetch GET 200 https://registry.npmjs.org/react-remove-scroll 173ms (cache miss)
613 silly packumentCache full:https://registry.npmjs.org/react-remove-scroll set size:undefined disposed:false
614 silly fetch manifest @radix-ui/react-popper@1.2.2
615 silly packumentCache full:https://registry.npmjs.org/@radix-ui%2freact-popper cache-miss
616 http fetch GET 200 https://registry.npmjs.org/@radix-ui%2freact-use-callback-ref 660ms (cache miss)
617 silly packumentCache full:https://registry.npmjs.org/@radix-ui%2freact-use-callback-ref set size:undefined disposed:false
618 silly fetch manifest @radix-ui/react-portal@1.1.4
619 silly packumentCache full:https://registry.npmjs.org/@radix-ui%2freact-portal cache-miss
620 http fetch GET 200 https://registry.npmjs.org/@radix-ui%2freact-focus-scope 245ms (cache miss)
621 silly packumentCache full:https://registry.npmjs.org/@radix-ui%2freact-focus-scope set size:undefined disposed:false
622 silly fetch manifest @radix-ui/react-dismissable-layer@1.1.5
623 silly packumentCache full:https://registry.npmjs.org/@radix-ui%2freact-dismissable-layer cache-miss
624 http fetch GET 200 https://registry.npmjs.org/@radix-ui%2freact-focus-guards 236ms (cache miss)
625 silly packumentCache full:https://registry.npmjs.org/@radix-ui%2freact-focus-guards set size:undefined disposed:false
626 silly fetch manifest @radix-ui/react-roving-focus@1.1.2
627 silly packumentCache full:https://registry.npmjs.org/@radix-ui%2freact-roving-focus cache-miss
628 http fetch GET 200 https://registry.npmjs.org/@radix-ui%2freact-portal 283ms (cache miss)
629 silly packumentCache full:https://registry.npmjs.org/@radix-ui%2freact-portal set size:undefined disposed:false
630 silly fetch manifest @radix-ui/react-visually-hidden@1.1.2
631 silly packumentCache full:https://registry.npmjs.org/@radix-ui%2freact-visually-hidden cache-miss
632 http fetch GET 200 https://registry.npmjs.org/@radix-ui%2freact-popper 215ms (cache miss)
633 silly packumentCache full:https://registry.npmjs.org/@radix-ui%2freact-popper set size:undefined disposed:false
634 silly fetch manifest @radix-ui/react-dismissable-layer@1.1.5
635 silly packumentCache full:https://registry.npmjs.org/@radix-ui%2freact-dismissable-layer cache-miss
636 http fetch GET 200 https://registry.npmjs.org/@radix-ui%2freact-dismissable-layer 346ms (cache miss)
637 silly packumentCache full:https://registry.npmjs.org/@radix-ui%2freact-dismissable-layer set size:undefined disposed:false
638 silly fetch manifest @radix-ui/react-roving-focus@1.1.2
639 silly packumentCache full:https://registry.npmjs.org/@radix-ui%2freact-roving-focus cache-miss
640 http fetch GET 200 https://registry.npmjs.org/@radix-ui%2freact-portal 271ms (cache miss)
641 silly packumentCache full:https://registry.npmjs.org/@radix-ui%2freact-portal set size:undefined disposed:false
642 silly fetch manifest @radix-ui/number@1.1.0
643 silly packumentCache full:https://registry.npmjs.org/@radix-ui%2fnumber cache-miss
644 http fetch GET 200 https://registry.npmjs.org/@radix-ui%2freact-dismissable-layer 210ms (cache miss)
645 silly packumentCache full:https://registry.npmjs.org/@radix-ui%2freact-dismissable-layer set size:undefined disposed:false
646 silly fetch manifest @radix-ui/number@1.1.0
647 silly packumentCache full:https://registry.npmjs.org/@radix-ui%2fnumber cache-miss
648 http fetch GET 200 https://registry.npmjs.org/@radix-ui%2freact-roving-focus 240ms (cache miss)
649 silly packumentCache full:https://registry.npmjs.org/@radix-ui%2freact-roving-focus set size:undefined disposed:false
650 silly fetch manifest @radix-ui/react-visually-hidden@1.1.2
651 silly packumentCache full:https://registry.npmjs.org/@radix-ui%2freact-visually-hidden cache-miss
652 http fetch GET 200 https://registry.npmjs.org/@radix-ui%2freact-visually-hidden 248ms (cache miss)
653 silly packumentCache full:https://registry.npmjs.org/@radix-ui%2freact-visually-hidden set size:undefined disposed:false
654 silly fetch manifest @radix-ui/number@1.1.0
655 silly packumentCache full:https://registry.npmjs.org/@radix-ui%2fnumber cache-miss
656 http fetch GET 200 https://registry.npmjs.org/@radix-ui%2freact-dismissable-layer 214ms (cache miss)
657 silly packumentCache full:https://registry.npmjs.org/@radix-ui%2freact-dismissable-layer set size:undefined disposed:false
658 silly fetch manifest @tailwindcss/node@4.1.12
659 silly packumentCache full:https://registry.npmjs.org/@tailwindcss%2fnode cache-miss
660 http fetch GET 200 https://registry.npmjs.org/@radix-ui%2fnumber 196ms (cache miss)
661 silly packumentCache full:https://registry.npmjs.org/@radix-ui%2fnumber set size:undefined disposed:false
662 silly fetch manifest @tailwindcss/oxide@4.1.12
663 silly packumentCache full:https://registry.npmjs.org/@tailwindcss%2foxide cache-miss
664 http fetch GET 200 https://registry.npmjs.org/@radix-ui%2freact-roving-focus 225ms (cache miss)
665 silly packumentCache full:https://registry.npmjs.org/@radix-ui%2freact-roving-focus set size:undefined disposed:false
666 silly fetch manifest fdir@^6.4.4
667 silly packumentCache full:https://registry.npmjs.org/fdir cache-miss
668 http fetch GET 200 https://registry.npmjs.org/@radix-ui%2fnumber 187ms (cache miss)
669 silly packumentCache full:https://registry.npmjs.org/@radix-ui%2fnumber set size:undefined disposed:false
670 silly fetch manifest rollup@^4.34.9
671 silly packumentCache full:https://registry.npmjs.org/rollup cache-miss
672 http fetch GET 200 https://registry.npmjs.org/@radix-ui%2fnumber 187ms (cache miss)
673 silly packumentCache full:https://registry.npmjs.org/@radix-ui%2fnumber set size:undefined disposed:false
674 silly fetch manifest esbuild@^0.25.0
675 silly packumentCache full:https://registry.npmjs.org/esbuild cache-miss
676 http fetch GET 200 https://registry.npmjs.org/@emotion%2fweak-memoize 3000ms (cache miss)
677 silly packumentCache full:https://registry.npmjs.org/@emotion%2fweak-memoize set size:undefined disposed:false
678 silly fetch manifest postcss@^8.5.3
679 silly packumentCache full:https://registry.npmjs.org/postcss cache-miss
680 http fetch GET 200 https://registry.npmjs.org/postcss 7ms (cache hit)
681 silly packumentCache full:https://registry.npmjs.org/postcss set size:705229 disposed:false
682 silly fetch manifest picomatch@^4.0.2
683 silly packumentCache full:https://registry.npmjs.org/picomatch cache-miss
684 http fetch GET 200 https://registry.npmjs.org/@tailwindcss%2fnode 217ms (cache miss)
685 silly packumentCache full:https://registry.npmjs.org/@tailwindcss%2fnode set size:undefined disposed:false
686 silly fetch manifest tinyglobby@^0.2.13
687 silly packumentCache full:https://registry.npmjs.org/tinyglobby cache-miss
688 http fetch GET 200 https://registry.npmjs.org/fdir 202ms (cache miss)
689 silly packumentCache full:https://registry.npmjs.org/fdir set size:undefined disposed:false
690 silly fetch manifest fsevents@~2.3.3
691 silly packumentCache full:https://registry.npmjs.org/fsevents cache-miss
692 http fetch GET 200 https://registry.npmjs.org/@tailwindcss%2foxide 249ms (cache miss)
693 silly packumentCache full:https://registry.npmjs.org/@tailwindcss%2foxide set size:undefined disposed:false
694 silly fetch manifest @babel/core@^7.28.0
695 silly packumentCache full:https://registry.npmjs.org/@babel%2fcore cache-miss
696 http fetch GET 200 https://registry.npmjs.org/@radix-ui%2freact-visually-hidden 392ms (cache miss)
697 silly packumentCache full:https://registry.npmjs.org/@radix-ui%2freact-visually-hidden set size:undefined disposed:false
698 silly fetch manifest react-refresh@^0.17.0
699 silly packumentCache full:https://registry.npmjs.org/react-refresh cache-miss
700 http fetch GET 200 https://registry.npmjs.org/picomatch 186ms (cache miss)
701 silly packumentCache full:https://registry.npmjs.org/picomatch set size:undefined disposed:false
702 silly fetch manifest @types/babel__core@^7.20.5
703 silly packumentCache full:https://registry.npmjs.org/@types%2fbabel__core cache-miss
704 http fetch GET 200 https://registry.npmjs.org/tinyglobby 178ms (cache miss)
705 silly packumentCache full:https://registry.npmjs.org/tinyglobby set size:undefined disposed:false
706 silly fetch manifest @rolldown/pluginutils@1.0.0-beta.27
707 silly packumentCache full:https://registry.npmjs.org/@rolldown%2fpluginutils cache-miss
708 http fetch GET 200 https://registry.npmjs.org/rollup 317ms (cache miss)
709 silly packumentCache full:https://registry.npmjs.org/rollup set size:undefined disposed:false
710 silly fetch manifest @babel/plugin-transform-react-jsx-self@^7.27.1
711 silly packumentCache full:https://registry.npmjs.org/@babel%2fplugin-transform-react-jsx-self cache-miss
712 http fetch GET 200 https://registry.npmjs.org/fsevents 235ms (cache miss)
713 silly packumentCache full:https://registry.npmjs.org/fsevents set size:undefined disposed:false
714 silly fetch manifest @babel/plugin-transform-react-jsx-source@^7.27.1
715 silly packumentCache full:https://registry.npmjs.org/@babel%2fplugin-transform-react-jsx-source cache-miss
716 http fetch GET 200 https://registry.npmjs.org/@babel%2fcore 201ms (cache miss)
717 silly packumentCache full:https://registry.npmjs.org/@babel%2fcore set size:undefined disposed:false
718 silly fetch manifest form-data@^4.0.5
719 silly packumentCache full:https://registry.npmjs.org/form-data cache-miss
720 http fetch GET 200 https://registry.npmjs.org/@types%2fbabel__core 198ms (cache miss)
721 silly packumentCache full:https://registry.npmjs.org/@types%2fbabel__core set size:undefined disposed:false
722 silly fetch manifest proxy-from-env@^2.1.0
723 silly packumentCache full:https://registry.npmjs.org/proxy-from-env cache-miss
724 http fetch GET 200 https://registry.npmjs.org/@rolldown%2fpluginutils 202ms (cache miss)
725 silly packumentCache full:https://registry.npmjs.org/@rolldown%2fpluginutils set size:undefined disposed:false
726 silly fetch manifest follow-redirects@^1.15.11
727 silly packumentCache full:https://registry.npmjs.org/follow-redirects cache-miss
728 http fetch GET 200 https://registry.npmjs.org/@babel%2fplugin-transform-react-jsx-self 191ms (cache miss)
729 silly packumentCache full:https://registry.npmjs.org/@babel%2fplugin-transform-react-jsx-self set size:undefined disposed:false
730 silly fetch manifest @radix-ui/react-id@^1.1.0
731 silly packumentCache full:https://registry.npmjs.org/@radix-ui%2freact-id cache-miss
732 http fetch GET 200 https://registry.npmjs.org/@radix-ui%2freact-id 6ms (cache hit)
733 silly packumentCache full:https://registry.npmjs.org/@radix-ui%2freact-id set size:325405 disposed:false
734 silly fetch manifest @radix-ui/react-primitive@^2.0.2
735 silly packumentCache full:https://registry.npmjs.org/@radix-ui%2freact-primitive cache-miss
736 http fetch GET 200 https://registry.npmjs.org/@radix-ui%2freact-primitive 5ms (cache hit)
737 silly packumentCache full:https://registry.npmjs.org/@radix-ui%2freact-primitive set size:595809 disposed:false
738 silly fetch manifest @radix-ui/react-compose-refs@^1.1.1
739 silly packumentCache full:https://registry.npmjs.org/@radix-ui%2freact-compose-refs cache-miss
740 http fetch GET 200 https://registry.npmjs.org/@radix-ui%2freact-compose-refs 5ms (cache hit)
741 silly packumentCache full:https://registry.npmjs.org/@radix-ui%2freact-compose-refs set size:219425 disposed:false
742 silly fetch manifest embla-carousel@8.6.0
743 silly packumentCache full:https://registry.npmjs.org/embla-carousel cache-miss
744 http fetch GET 200 https://registry.npmjs.org/form-data 186ms (cache miss)
745 silly packumentCache full:https://registry.npmjs.org/form-data set size:undefined disposed:false
746 silly fetch manifest embla-carousel-reactive-utils@8.6.0
747 silly packumentCache full:https://registry.npmjs.org/embla-carousel-reactive-utils cache-miss
748 http fetch GET 200 https://registry.npmjs.org/@babel%2fplugin-transform-react-jsx-source 231ms (cache miss)
749 silly packumentCache full:https://registry.npmjs.org/@babel%2fplugin-transform-react-jsx-source set size:undefined disposed:false
750 silly fetch manifest tslib@^2.4.0
751 silly packumentCache full:https://registry.npmjs.org/tslib cache-miss
752 http fetch GET 200 https://registry.npmjs.org/proxy-from-env 186ms (cache miss)
753 silly packumentCache full:https://registry.npmjs.org/proxy-from-env set size:undefined disposed:false
754 silly fetch manifest framer-motion@^12.23.24
755 silly packumentCache full:https://registry.npmjs.org/framer-motion cache-miss
756 http fetch GET 200 https://registry.npmjs.org/esbuild 598ms (cache miss)
757 silly packumentCache full:https://registry.npmjs.org/esbuild set size:undefined disposed:false
758 silly fetch manifest @react-dnd/invariant@^4.0.1
759 silly packumentCache full:https://registry.npmjs.org/@react-dnd%2finvariant cache-miss
760 http fetch GET 200 https://registry.npmjs.org/follow-redirects 197ms (cache miss)
761 silly packumentCache full:https://registry.npmjs.org/follow-redirects set size:undefined disposed:false
762 silly fetch manifest @react-dnd/shallowequal@^4.0.1
763 silly packumentCache full:https://registry.npmjs.org/@react-dnd%2fshallowequal cache-miss
764 http fetch GET 200 https://registry.npmjs.org/embla-carousel 204ms (cache miss)
765 silly packumentCache full:https://registry.npmjs.org/embla-carousel set size:undefined disposed:false
766 silly fetch manifest dnd-core@^16.0.1
767 silly packumentCache full:https://registry.npmjs.org/dnd-core cache-miss
768 http fetch GET 200 https://registry.npmjs.org/react-refresh 578ms (cache miss)
769 silly packumentCache full:https://registry.npmjs.org/react-refresh set size:undefined disposed:false
770 silly fetch manifest fast-deep-equal@^3.1.3
771 silly packumentCache full:https://registry.npmjs.org/fast-deep-equal cache-miss
772 http fetch GET 200 https://registry.npmjs.org/tslib 250ms (cache miss)
773 silly packumentCache full:https://registry.npmjs.org/tslib set size:undefined disposed:false
774 silly fetch manifest hoist-non-react-statics@^3.3.2
775 silly packumentCache full:https://registry.npmjs.org/hoist-non-react-statics cache-miss
776 http fetch GET 200 https://registry.npmjs.org/@react-dnd%2fshallowequal 200ms (cache miss)
777 silly packumentCache full:https://registry.npmjs.org/@react-dnd%2fshallowequal set size:undefined disposed:false
778 silly fetch manifest dnd-core@^16.0.1
779 silly packumentCache full:https://registry.npmjs.org/dnd-core cache-miss
780 http fetch GET 200 https://registry.npmjs.org/hoist-non-react-statics 6ms (cache hit)
781 silly packumentCache full:https://registry.npmjs.org/hoist-non-react-statics set size:97044 disposed:false
782 silly fetch manifest react-fast-compare@^3.0.1
783 silly packumentCache full:https://registry.npmjs.org/react-fast-compare cache-miss
784 http fetch GET 200 https://registry.npmjs.org/embla-carousel-reactive-utils 302ms (cache miss)
785 silly packumentCache full:https://registry.npmjs.org/embla-carousel-reactive-utils set size:undefined disposed:false
786 silly fetch manifest warning@^4.0.2
787 silly packumentCache full:https://registry.npmjs.org/warning cache-miss
788 http fetch GET 200 https://registry.npmjs.org/dnd-core 175ms (cache miss)
789 silly packumentCache full:https://registry.npmjs.org/dnd-core set size:undefined disposed:false
790 silly fetch manifest cookie@^1.0.1
791 silly packumentCache full:https://registry.npmjs.org/cookie cache-miss
792 http fetch GET 200 https://registry.npmjs.org/fast-deep-equal 170ms (cache miss)
793 silly packumentCache full:https://registry.npmjs.org/fast-deep-equal set size:undefined disposed:false
794 silly fetch manifest set-cookie-parser@^2.6.0
795 silly packumentCache full:https://registry.npmjs.org/set-cookie-parser cache-miss
796 http fetch GET 200 https://registry.npmjs.org/dnd-core 177ms (cache miss)
797 silly packumentCache full:https://registry.npmjs.org/dnd-core set size:undefined disposed:false
798 silly fetch manifest classnames@^2.2.5
799 silly packumentCache full:https://registry.npmjs.org/classnames cache-miss
800 http fetch GET 200 https://registry.npmjs.org/react-fast-compare 179ms (cache miss)
801 silly packumentCache full:https://registry.npmjs.org/react-fast-compare set size:undefined disposed:false
802 silly fetch manifest json2mq@^0.2.0
803 silly packumentCache full:https://registry.npmjs.org/json2mq cache-miss
804 http fetch GET 200 https://registry.npmjs.org/warning 178ms (cache miss)
805 silly packumentCache full:https://registry.npmjs.org/warning set size:undefined disposed:false
806 silly fetch manifest lodash.debounce@^4.0.8
807 silly packumentCache full:https://registry.npmjs.org/lodash.debounce cache-miss
808 http fetch GET 200 https://registry.npmjs.org/cookie 170ms (cache miss)
809 silly packumentCache full:https://registry.npmjs.org/cookie set size:undefined disposed:false
810 silly fetch manifest resize-observer-polyfill@^1.5.0
811 silly packumentCache full:https://registry.npmjs.org/resize-observer-polyfill cache-miss
812 http fetch GET 200 https://registry.npmjs.org/set-cookie-parser 174ms (cache miss)
813 silly packumentCache full:https://registry.npmjs.org/set-cookie-parser set size:undefined disposed:false
814 silly fetch manifest lodash@^4.17.21
815 silly packumentCache full:https://registry.npmjs.org/lodash cache-miss
816 http fetch GET 200 https://registry.npmjs.org/classnames 169ms (cache miss)
817 silly packumentCache full:https://registry.npmjs.org/classnames set size:undefined disposed:false
818 silly fetch manifest react-is@^18.3.1
819 silly packumentCache full:https://registry.npmjs.org/react-is cache-miss
820 http fetch GET 200 https://registry.npmjs.org/json2mq 173ms (cache miss)
821 silly packumentCache full:https://registry.npmjs.org/json2mq set size:undefined disposed:false
822 silly fetch manifest react-smooth@^4.0.4
823 silly packumentCache full:https://registry.npmjs.org/react-smooth cache-miss
824 http fetch GET 200 https://registry.npmjs.org/react-is 17ms (cache hit)
825 silly packumentCache full:https://registry.npmjs.org/react-is set size:5343065 disposed:false
826 silly fetch manifest eventemitter3@^4.0.1
827 silly packumentCache full:https://registry.npmjs.org/eventemitter3 cache-miss
828 http fetch GET 200 https://registry.npmjs.org/lodash.debounce 218ms (cache miss)
829 silly packumentCache full:https://registry.npmjs.org/lodash.debounce set size:undefined disposed:false
830 silly fetch manifest recharts-scale@^0.4.4
831 silly packumentCache full:https://registry.npmjs.org/recharts-scale cache-miss
832 http fetch GET 200 https://registry.npmjs.org/framer-motion 699ms (cache miss)
833 silly packumentCache full:https://registry.npmjs.org/framer-motion set size:undefined disposed:false
834 silly fetch manifest tiny-invariant@^1.3.1
835 silly packumentCache full:https://registry.npmjs.org/tiny-invariant cache-miss
836 http fetch GET 200 https://registry.npmjs.org/@react-dnd%2finvariant 806ms (cache miss)
837 silly packumentCache full:https://registry.npmjs.org/@react-dnd%2finvariant set size:undefined disposed:false
838 silly fetch manifest victory-vendor@^36.6.8
839 silly packumentCache full:https://registry.npmjs.org/victory-vendor cache-miss
840 http fetch GET 200 https://registry.npmjs.org/lodash 237ms (cache miss)
841 silly packumentCache full:https://registry.npmjs.org/lodash set size:undefined disposed:false
842 silly fetch manifest cfb@~1.2.1
843 silly packumentCache full:https://registry.npmjs.org/cfb cache-miss
844 http fetch GET 200 https://registry.npmjs.org/react-smooth 221ms (cache miss)
845 silly packumentCache full:https://registry.npmjs.org/react-smooth set size:undefined disposed:false
846 silly fetch manifest ssf@~0.11.2
847 silly packumentCache full:https://registry.npmjs.org/ssf cache-miss
848 http fetch GET 200 https://registry.npmjs.org/eventemitter3 174ms (cache miss)
849 silly packumentCache full:https://registry.npmjs.org/eventemitter3 set size:undefined disposed:false
850 silly fetch manifest wmf@~1.0.1
851 silly packumentCache full:https://registry.npmjs.org/wmf cache-miss
852 http fetch GET 200 https://registry.npmjs.org/recharts-scale 169ms (cache miss)
853 silly packumentCache full:https://registry.npmjs.org/recharts-scale set size:undefined disposed:false
854 silly fetch manifest word@~0.3.0
855 silly packumentCache full:https://registry.npmjs.org/word cache-miss
856 http fetch GET 200 https://registry.npmjs.org/tiny-invariant 189ms (cache miss)
857 silly packumentCache full:https://registry.npmjs.org/tiny-invariant set size:undefined disposed:false
858 silly fetch manifest crc-32@~1.2.1
859 silly packumentCache full:https://registry.npmjs.org/crc-32 cache-miss
860 http fetch GET 200 https://registry.npmjs.org/cfb 168ms (cache revalidated)
861 silly packumentCache full:https://registry.npmjs.org/cfb set size:69780 disposed:false
862 silly fetch manifest adler-32@~1.3.0
863 silly packumentCache full:https://registry.npmjs.org/adler-32 cache-miss
864 http fetch GET 200 https://registry.npmjs.org/ssf 171ms (cache revalidated)
865 silly packumentCache full:https://registry.npmjs.org/ssf set size:61050 disposed:false
866 silly fetch manifest codepage@~1.15.0
867 silly packumentCache full:https://registry.npmjs.org/codepage cache-miss
868 http fetch GET 200 https://registry.npmjs.org/victory-vendor 185ms (cache miss)
869 silly packumentCache full:https://registry.npmjs.org/victory-vendor set size:undefined disposed:false
870 http fetch GET 200 https://registry.npmjs.org/wmf 170ms (cache revalidated)
871 silly packumentCache full:https://registry.npmjs.org/wmf set size:24420 disposed:false
872 http fetch GET 200 https://registry.npmjs.org/word 168ms (cache revalidated)
873 silly packumentCache full:https://registry.npmjs.org/word set size:16914 disposed:false
874 http fetch GET 200 https://registry.npmjs.org/resize-observer-polyfill 568ms (cache miss)
875 silly packumentCache full:https://registry.npmjs.org/resize-observer-polyfill set size:undefined disposed:false
876 http fetch GET 200 https://registry.npmjs.org/adler-32 167ms (cache revalidated)
877 silly packumentCache full:https://registry.npmjs.org/adler-32 set size:22708 disposed:false
878 http fetch GET 200 https://registry.npmjs.org/crc-32 188ms (cache revalidated)
879 silly packumentCache full:https://registry.npmjs.org/crc-32 set size:32170 disposed:false
880 http fetch GET 200 https://registry.npmjs.org/codepage 169ms (cache revalidated)
881 silly packumentCache full:https://registry.npmjs.org/codepage set size:75780 disposed:false
882 silly fetch manifest react@>=16.8.0
883 silly packumentCache full:https://registry.npmjs.org/react cache-miss
884 http fetch GET 200 https://registry.npmjs.org/react 19ms (cache hit)
885 silly packumentCache full:https://registry.npmjs.org/react set size:6602032 disposed:false
886 silly placeDep ROOT @babel/runtime@7.29.2 OK for: @emotion/react@11.14.0 want: ^7.18.3
887 silly placeDep ROOT @emotion/babel-plugin@11.13.5 OK for: @emotion/react@11.14.0 want: ^11.13.5
888 silly placeDep ROOT @emotion/cache@11.14.0 OK for: @emotion/react@11.14.0 want: ^11.14.0
889 silly placeDep ROOT @emotion/serialize@1.3.3 OK for: @emotion/react@11.14.0 want: ^1.3.3
890 silly placeDep ROOT @emotion/use-insertion-effect-with-fallbacks@1.2.0 OK for: @emotion/react@11.14.0 want: ^1.2.0
891 silly placeDep ROOT @emotion/utils@1.4.2 OK for: @emotion/react@11.14.0 want: ^1.4.2
892 silly placeDep ROOT @emotion/weak-memoize@0.4.0 OK for: @emotion/react@11.14.0 want: ^0.4.0
893 silly placeDep ROOT hoist-non-react-statics@3.3.2 OK for: @emotion/react@11.14.0 want: ^3.3.1
894 silly fetch manifest @babel/helper-module-imports@^7.16.7
895 silly packumentCache full:https://registry.npmjs.org/@babel%2fhelper-module-imports cache-miss
896 silly fetch manifest @emotion/hash@^0.9.2
897 silly packumentCache full:https://registry.npmjs.org/@emotion%2fhash cache-miss
898 silly fetch manifest @emotion/memoize@^0.9.0
899 silly packumentCache full:https://registry.npmjs.org/@emotion%2fmemoize cache-miss
900 silly fetch manifest babel-plugin-macros@^3.1.0
901 silly packumentCache full:https://registry.npmjs.org/babel-plugin-macros cache-miss
902 silly fetch manifest convert-source-map@^1.5.0
903 silly packumentCache full:https://registry.npmjs.org/convert-source-map cache-miss
904 silly fetch manifest escape-string-regexp@^4.0.0
905 silly packumentCache full:https://registry.npmjs.org/escape-string-regexp cache-miss
906 silly fetch manifest find-root@^1.1.0
907 silly packumentCache full:https://registry.npmjs.org/find-root cache-miss
908 http fetch GET 200 https://registry.npmjs.org/convert-source-map 184ms (cache miss)
909 silly packumentCache full:https://registry.npmjs.org/convert-source-map set size:undefined disposed:false
910 silly fetch manifest source-map@^0.5.7
911 silly packumentCache full:https://registry.npmjs.org/source-map cache-miss
912 http fetch GET 200 https://registry.npmjs.org/find-root 202ms (cache miss)
913 silly packumentCache full:https://registry.npmjs.org/find-root set size:undefined disposed:false
914 silly fetch manifest stylis@4.2.0
915 silly packumentCache full:https://registry.npmjs.org/stylis cache-miss
916 http fetch GET 200 https://registry.npmjs.org/@emotion%2fmemoize 207ms (cache miss)
917 silly packumentCache full:https://registry.npmjs.org/@emotion%2fmemoize set size:undefined disposed:false
918 silly fetch manifest @emotion/sheet@^1.4.0
919 silly packumentCache full:https://registry.npmjs.org/@emotion%2fsheet cache-miss
920 http fetch GET 200 https://registry.npmjs.org/escape-string-regexp 208ms (cache miss)
921 silly packumentCache full:https://registry.npmjs.org/escape-string-regexp set size:undefined disposed:false
922 silly fetch manifest stylis@4.2.0
923 silly packumentCache full:https://registry.npmjs.org/stylis cache-miss
924 http fetch GET 200 https://registry.npmjs.org/@emotion%2fhash 212ms (cache miss)
925 silly packumentCache full:https://registry.npmjs.org/@emotion%2fhash set size:undefined disposed:false
926 silly fetch manifest @emotion/unitless@^0.10.0
927 silly packumentCache full:https://registry.npmjs.org/@emotion%2funitless cache-miss
928 http fetch GET 200 https://registry.npmjs.org/babel-plugin-macros 214ms (cache miss)
929 silly packumentCache full:https://registry.npmjs.org/babel-plugin-macros set size:undefined disposed:false
930 silly fetch manifest csstype@^3.0.2
931 silly packumentCache full:https://registry.npmjs.org/csstype cache-miss
932 http fetch GET 200 https://registry.npmjs.org/@babel%2fhelper-module-imports 218ms (cache miss)
933 silly packumentCache full:https://registry.npmjs.org/@babel%2fhelper-module-imports set size:undefined disposed:false
934 silly fetch manifest react-is@^16.7.0
935 silly packumentCache full:https://registry.npmjs.org/react-is cache-miss
936 http fetch GET 200 https://registry.npmjs.org/csstype 6ms (cache hit)
937 silly packumentCache full:https://registry.npmjs.org/csstype set size:274189 disposed:false
938 http fetch GET 200 https://registry.npmjs.org/react-is 16ms (cache hit)
939 silly packumentCache full:https://registry.npmjs.org/react-is set size:5343065 disposed:false
940 http fetch GET 200 https://registry.npmjs.org/source-map 188ms (cache miss)
941 silly packumentCache full:https://registry.npmjs.org/source-map set size:undefined disposed:false
942 http fetch GET 200 https://registry.npmjs.org/stylis 186ms (cache miss)
943 silly packumentCache full:https://registry.npmjs.org/stylis set size:undefined disposed:false
944 http fetch GET 200 https://registry.npmjs.org/stylis 191ms (cache miss)
945 silly packumentCache full:https://registry.npmjs.org/stylis set size:undefined disposed:false
946 http fetch GET 200 https://registry.npmjs.org/@emotion%2funitless 194ms (cache miss)
947 silly packumentCache full:https://registry.npmjs.org/@emotion%2funitless set size:undefined disposed:false
948 http fetch GET 200 https://registry.npmjs.org/@emotion%2fsheet 331ms (cache miss)
949 silly packumentCache full:https://registry.npmjs.org/@emotion%2fsheet set size:undefined disposed:false
950 silly placeDep ROOT @babel/helper-module-imports@7.28.6 OK for: @emotion/babel-plugin@11.13.5 want: ^7.16.7
951 silly placeDep ROOT @emotion/hash@0.9.2 OK for: @emotion/babel-plugin@11.13.5 want: ^0.9.2
952 silly placeDep ROOT @emotion/memoize@0.9.0 OK for: @emotion/babel-plugin@11.13.5 want: ^0.9.0
953 silly placeDep ROOT babel-plugin-macros@3.1.0 OK for: @emotion/babel-plugin@11.13.5 want: ^3.1.0
954 silly placeDep ROOT convert-source-map@1.9.0 OK for: @emotion/babel-plugin@11.13.5 want: ^1.5.0
955 silly placeDep ROOT escape-string-regexp@4.0.0 OK for: @emotion/babel-plugin@11.13.5 want: ^4.0.0
956 silly placeDep ROOT find-root@1.1.0 OK for: @emotion/babel-plugin@11.13.5 want: ^1.1.0
957 silly placeDep ROOT source-map@0.5.7 OK for: @emotion/babel-plugin@11.13.5 want: ^0.5.7
958 silly placeDep ROOT stylis@4.2.0 OK for: @emotion/babel-plugin@11.13.5 want: 4.2.0
959 silly fetch manifest @babel/types@^7.28.6
960 silly packumentCache full:https://registry.npmjs.org/@babel%2ftypes cache-miss
961 silly fetch manifest @babel/traverse@^7.28.6
962 silly packumentCache full:https://registry.npmjs.org/@babel%2ftraverse cache-miss
963 silly fetch manifest cosmiconfig@^7.0.0
964 silly packumentCache full:https://registry.npmjs.org/cosmiconfig cache-miss
965 silly fetch manifest resolve@^1.19.0
966 silly packumentCache full:https://registry.npmjs.org/resolve cache-miss
967 http fetch GET 200 https://registry.npmjs.org/resolve 189ms (cache miss)
968 silly packumentCache full:https://registry.npmjs.org/resolve set size:undefined disposed:false
969 http fetch GET 200 https://registry.npmjs.org/cosmiconfig 194ms (cache miss)
970 silly packumentCache full:https://registry.npmjs.org/cosmiconfig set size:undefined disposed:false
971 http fetch GET 200 https://registry.npmjs.org/@babel%2ftypes 213ms (cache miss)
972 silly packumentCache full:https://registry.npmjs.org/@babel%2ftypes set size:undefined disposed:false
973 http fetch GET 200 https://registry.npmjs.org/@babel%2ftraverse 221ms (cache miss)
974 silly packumentCache full:https://registry.npmjs.org/@babel%2ftraverse set size:undefined disposed:false
975 silly placeDep ROOT @babel/traverse@7.29.0 OK for: @babel/helper-module-imports@7.28.6 want: ^7.28.6
976 silly placeDep ROOT @babel/types@7.29.0 OK for: @babel/helper-module-imports@7.28.6 want: ^7.28.6
977 silly fetch manifest debug@^4.3.1
978 silly packumentCache full:https://registry.npmjs.org/debug cache-miss
979 silly fetch manifest @babel/types@^7.29.0
980 silly packumentCache full:https://registry.npmjs.org/@babel%2ftypes cache-miss
981 silly fetch manifest @babel/parser@^7.29.0
982 silly packumentCache full:https://registry.npmjs.org/@babel%2fparser cache-miss
983 silly fetch manifest @babel/template@^7.28.6
984 silly packumentCache full:https://registry.npmjs.org/@babel%2ftemplate cache-miss
985 silly fetch manifest @babel/generator@^7.29.0
986 silly packumentCache full:https://registry.npmjs.org/@babel%2fgenerator cache-miss
987 silly fetch manifest @babel/code-frame@^7.29.0
988 silly packumentCache full:https://registry.npmjs.org/@babel%2fcode-frame cache-miss
989 silly fetch manifest @babel/helper-globals@^7.28.0
990 silly packumentCache full:https://registry.npmjs.org/@babel%2fhelper-globals cache-miss
991 http fetch GET 200 https://registry.npmjs.org/@babel%2ftypes 10ms (cache hit)
992 silly packumentCache full:https://registry.npmjs.org/@babel%2ftypes set size:487885 disposed:false
993 silly fetch manifest @babel/helper-string-parser@^7.27.1
994 silly packumentCache full:https://registry.npmjs.org/@babel%2fhelper-string-parser cache-miss
995 http fetch GET 200 https://registry.npmjs.org/debug 185ms (cache miss)
996 silly packumentCache full:https://registry.npmjs.org/debug set size:undefined disposed:false
997 silly fetch manifest @babel/helper-validator-identifier@^7.28.5
998 silly packumentCache full:https://registry.npmjs.org/@babel%2fhelper-validator-identifier cache-miss
999 http fetch GET 200 https://registry.npmjs.org/@babel%2fhelper-globals 190ms (cache miss)
1000 silly packumentCache full:https://registry.npmjs.org/@babel%2fhelper-globals set size:undefined disposed:false
1001 http fetch GET 200 https://registry.npmjs.org/@babel%2fcode-frame 204ms (cache miss)
1002 silly packumentCache full:https://registry.npmjs.org/@babel%2fcode-frame set size:undefined disposed:false
1003 http fetch GET 200 https://registry.npmjs.org/@babel%2fhelper-string-parser 196ms (cache miss)
1004 silly packumentCache full:https://registry.npmjs.org/@babel%2fhelper-string-parser set size:undefined disposed:false
1005 http fetch GET 200 https://registry.npmjs.org/@babel%2ftemplate 211ms (cache miss)
1006 silly packumentCache full:https://registry.npmjs.org/@babel%2ftemplate set size:undefined disposed:false
1007 http fetch GET 200 https://registry.npmjs.org/@babel%2fgenerator 213ms (cache miss)
1008 silly packumentCache full:https://registry.npmjs.org/@babel%2fgenerator set size:undefined disposed:false
1009 http fetch GET 200 https://registry.npmjs.org/@babel%2fparser 261ms (cache miss)
1010 silly packumentCache full:https://registry.npmjs.org/@babel%2fparser set size:undefined disposed:false
1011 http fetch GET 200 https://registry.npmjs.org/@babel%2fhelper-validator-identifier 204ms (cache miss)
1012 silly packumentCache full:https://registry.npmjs.org/@babel%2fhelper-validator-identifier set size:undefined disposed:false
1013 silly placeDep ROOT @babel/code-frame@7.29.0 OK for: @babel/traverse@7.29.0 want: ^7.29.0
1014 silly placeDep ROOT @babel/generator@7.29.1 OK for: @babel/traverse@7.29.0 want: ^7.29.0
1015 silly placeDep ROOT @babel/helper-globals@7.28.0 OK for: @babel/traverse@7.29.0 want: ^7.28.0
1016 silly placeDep ROOT @babel/parser@7.29.2 OK for: @babel/traverse@7.29.0 want: ^7.29.0
1017 silly placeDep ROOT @babel/template@7.28.6 OK for: @babel/traverse@7.29.0 want: ^7.28.6
1018 silly placeDep ROOT debug@4.4.3 OK for: @babel/traverse@7.29.0 want: ^4.3.1
1019 silly fetch manifest js-tokens@^4.0.0
1020 silly packumentCache full:https://registry.npmjs.org/js-tokens cache-miss
1021 silly fetch manifest picocolors@^1.1.1
1022 silly packumentCache full:https://registry.npmjs.org/picocolors cache-miss
1023 silly fetch manifest jsesc@^3.0.2
1024 silly packumentCache full:https://registry.npmjs.org/jsesc cache-miss
1025 silly fetch manifest @jridgewell/gen-mapping@^0.3.12
1026 silly packumentCache full:https://registry.npmjs.org/@jridgewell%2fgen-mapping cache-miss
1027 silly fetch manifest @jridgewell/trace-mapping@^0.3.28
1028 silly packumentCache full:https://registry.npmjs.org/@jridgewell%2ftrace-mapping cache-miss
1029 silly fetch manifest ms@^2.1.3
1030 silly packumentCache full:https://registry.npmjs.org/ms cache-miss
1031 http fetch GET 200 https://registry.npmjs.org/picocolors 183ms (cache miss)
1032 silly packumentCache full:https://registry.npmjs.org/picocolors set size:undefined disposed:false
1033 http fetch GET 200 https://registry.npmjs.org/jsesc 184ms (cache miss)
1034 silly packumentCache full:https://registry.npmjs.org/jsesc set size:undefined disposed:false
1035 http fetch GET 200 https://registry.npmjs.org/js-tokens 190ms (cache miss)
1036 silly packumentCache full:https://registry.npmjs.org/js-tokens set size:undefined disposed:false
1037 http fetch GET 200 https://registry.npmjs.org/ms 188ms (cache miss)
1038 silly packumentCache full:https://registry.npmjs.org/ms set size:undefined disposed:false
1039 http fetch GET 200 https://registry.npmjs.org/@jridgewell%2fgen-mapping 202ms (cache miss)
1040 silly packumentCache full:https://registry.npmjs.org/@jridgewell%2fgen-mapping set size:undefined disposed:false
1041 http fetch GET 200 https://registry.npmjs.org/@jridgewell%2ftrace-mapping 207ms (cache miss)
1042 silly packumentCache full:https://registry.npmjs.org/@jridgewell%2ftrace-mapping set size:undefined disposed:false
1043 silly placeDep ROOT @babel/helper-validator-identifier@7.28.5 OK for: @babel/code-frame@7.29.0 want: ^7.28.5
1044 silly placeDep ROOT js-tokens@4.0.0 OK for: @babel/code-frame@7.29.0 want: ^4.0.0
1045 silly placeDep ROOT picocolors@1.1.1 OK for: @babel/code-frame@7.29.0 want: ^1.1.1
1046 silly placeDep ROOT @jridgewell/gen-mapping@0.3.13 OK for: @babel/generator@7.29.1 want: ^0.3.12
1047 silly placeDep ROOT @jridgewell/trace-mapping@0.3.31 OK for: @babel/generator@7.29.1 want: ^0.3.28
1048 silly placeDep ROOT jsesc@3.1.0 OK for: @babel/generator@7.29.1 want: ^3.0.2
1049 silly fetch manifest @jridgewell/sourcemap-codec@^1.5.0
1050 silly packumentCache full:https://registry.npmjs.org/@jridgewell%2fsourcemap-codec cache-miss
1051 silly fetch manifest @jridgewell/trace-mapping@^0.3.24
1052 silly packumentCache full:https://registry.npmjs.org/@jridgewell%2ftrace-mapping cache-miss
1053 silly fetch manifest @jridgewell/resolve-uri@^3.1.0
1054 silly packumentCache full:https://registry.npmjs.org/@jridgewell%2fresolve-uri cache-miss
1055 silly fetch manifest @jridgewell/sourcemap-codec@^1.4.14
1056 silly packumentCache full:https://registry.npmjs.org/@jridgewell%2fsourcemap-codec cache-miss
1057 http fetch GET 200 https://registry.npmjs.org/@jridgewell%2ftrace-mapping 12ms (cache hit)
1058 silly packumentCache full:https://registry.npmjs.org/@jridgewell%2ftrace-mapping set size:170909 disposed:false
1059 http fetch GET 200 https://registry.npmjs.org/@jridgewell%2fsourcemap-codec 180ms (cache miss)
1060 silly packumentCache full:https://registry.npmjs.org/@jridgewell%2fsourcemap-codec set size:undefined disposed:false
1061 http fetch GET 200 https://registry.npmjs.org/@jridgewell%2fresolve-uri 194ms (cache miss)
1062 silly packumentCache full:https://registry.npmjs.org/@jridgewell%2fresolve-uri set size:undefined disposed:false
1063 http fetch GET 200 https://registry.npmjs.org/@jridgewell%2fsourcemap-codec 200ms (cache miss)
1064 silly packumentCache full:https://registry.npmjs.org/@jridgewell%2fsourcemap-codec set size:undefined disposed:false
1065 silly placeDep ROOT @babel/helper-string-parser@7.27.1 OK for: @babel/types@7.29.0 want: ^7.27.1
1066 silly placeDep ROOT @emotion/sheet@1.4.0 OK for: @emotion/cache@11.14.0 want: ^1.4.0
1067 silly placeDep ROOT @emotion/unitless@0.10.0 OK for: @emotion/serialize@1.3.3 want: ^0.10.0
1068 silly placeDep ROOT csstype@3.2.3 OK for: @emotion/serialize@1.3.3 want: ^3.0.2
1069 silly placeDep ROOT @emotion/is-prop-valid@1.4.0 OK for: @emotion/styled@11.14.1 want: ^1.3.0
1070 silly placeDep ROOT @jridgewell/sourcemap-codec@1.5.5 OK for: @jridgewell/gen-mapping@0.3.13 want: ^1.5.0
1071 silly placeDep ROOT @jridgewell/resolve-uri@3.1.2 OK for: @jridgewell/trace-mapping@0.3.31 want: ^3.1.0
1072 silly fetch manifest react@^17.0.0 || ^18.0.0 || ^19.0.0
1073 silly packumentCache full:https://registry.npmjs.org/react cache-miss
1074 http fetch GET 200 https://registry.npmjs.org/react 14ms (cache hit)
1075 silly packumentCache full:https://registry.npmjs.org/react set size:6602032 disposed:false
1076 silly fetch manifest @emotion/react@^11.5.0
1077 silly packumentCache full:https://registry.npmjs.org/@emotion%2freact cache-miss
1078 http fetch GET 200 https://registry.npmjs.org/@emotion%2freact 5ms (cache hit)
1079 silly packumentCache full:https://registry.npmjs.org/@emotion%2freact set size:196548 disposed:false
1080 silly fetch manifest @emotion/styled@^11.3.0
1081 silly packumentCache full:https://registry.npmjs.org/@emotion%2fstyled cache-miss
1082 http fetch GET 200 https://registry.npmjs.org/@emotion%2fstyled 5ms (cache hit)
1083 silly packumentCache full:https://registry.npmjs.org/@emotion%2fstyled set size:286397 disposed:false
1084 silly fetch manifest react-dom@^17.0.0 || ^18.0.0 || ^19.0.0
1085 silly packumentCache full:https://registry.npmjs.org/react-dom cache-miss
1086 http fetch GET 200 https://registry.npmjs.org/react-dom 27ms (cache hit)
1087 silly packumentCache full:https://registry.npmjs.org/react-dom set size:8785426 disposed:false
1088 silly placeDep ROOT @mui/core-downloads-tracker@7.3.10 OK for: @mui/material@7.3.5 want: ^7.3.5
1089 silly placeDep ROOT @mui/system@7.3.10 OK for: @mui/material@7.3.5 want: ^7.3.5
1090 silly placeDep ROOT @mui/types@7.4.12 OK for: @mui/material@7.3.5 want: ^7.4.8
1091 silly placeDep ROOT @mui/utils@7.3.10 OK for: @mui/material@7.3.5 want: ^7.3.5
1092 silly placeDep ROOT @types/react-transition-group@4.4.12 OK for: @mui/material@7.3.5 want: ^4.4.12
1093 silly placeDep ROOT @types/react@19.2.14 OK for: @types/react-transition-group@4.4.12 want: *
1094 silly placeDep ROOT prop-types@15.8.1 OK for: @mui/material@7.3.5 want: ^15.8.1
1095 silly placeDep ROOT react-is@19.2.5 OK for: @mui/material@7.3.5 want: ^19.2.0
1096 silly placeDep ROOT react-transition-group@4.4.5 OK for: @mui/material@7.3.5 want: ^4.4.5
1097 silly fetch manifest @mui/styled-engine@^7.3.10
1098 silly packumentCache full:https://registry.npmjs.org/@mui%2fstyled-engine cache-miss
1099 silly fetch manifest @mui/private-theming@^7.3.10
1100 silly packumentCache full:https://registry.npmjs.org/@mui%2fprivate-theming cache-miss
1101 silly fetch manifest @mui/types@^7.4.12
1102 silly packumentCache full:https://registry.npmjs.org/@mui%2ftypes cache-miss
1103 silly fetch manifest @mui/utils@^7.3.10
1104 silly packumentCache full:https://registry.npmjs.org/@mui%2futils cache-miss
1105 silly fetch manifest @types/prop-types@^15.7.15
1106 silly packumentCache full:https://registry.npmjs.org/@types%2fprop-types cache-miss
1107 silly fetch manifest react-is@^19.2.3
1108 silly packumentCache full:https://registry.npmjs.org/react-is cache-miss
1109 silly fetch manifest loose-envify@^1.4.0
1110 silly packumentCache full:https://registry.npmjs.org/loose-envify cache-miss
1111 http fetch GET 200 https://registry.npmjs.org/@mui%2futils 19ms (cache hit)
1112 silly packumentCache full:https://registry.npmjs.org/@mui%2futils set size:574344 disposed:false
1113 silly fetch manifest object-assign@^4.1.1
1114 silly packumentCache full:https://registry.npmjs.org/object-assign cache-miss
1115 http fetch GET 200 https://registry.npmjs.org/react-is 32ms (cache hit)
1116 silly packumentCache full:https://registry.npmjs.org/react-is set size:5343065 disposed:false
1117 silly fetch manifest react-is@^16.13.1
1118 silly packumentCache full:https://registry.npmjs.org/react-is cache-miss
1119 http fetch GET 200 https://registry.npmjs.org/loose-envify 63ms (cache hit)
1120 silly packumentCache full:https://registry.npmjs.org/loose-envify set size:12559 disposed:false
1121 silly fetch manifest dom-helpers@^5.0.1
1122 silly packumentCache full:https://registry.npmjs.org/dom-helpers cache-miss
1123 http fetch GET 200 https://registry.npmjs.org/@mui%2ftypes 69ms (cache hit)
1124 silly packumentCache full:https://registry.npmjs.org/@mui%2ftypes set size:146966 disposed:false
1125 http fetch GET 200 https://registry.npmjs.org/react-is 19ms (cache hit)
1126 silly packumentCache full:https://registry.npmjs.org/react-is set size:5343065 disposed:false
1127 http fetch GET 200 https://registry.npmjs.org/@types%2fprop-types 198ms (cache miss)
1128 silly packumentCache full:https://registry.npmjs.org/@types%2fprop-types set size:undefined disposed:false
1129 http fetch GET 200 https://registry.npmjs.org/@mui%2fstyled-engine 214ms (cache miss)
1130 silly packumentCache full:https://registry.npmjs.org/@mui%2fstyled-engine set size:undefined disposed:false
1131 http fetch GET 200 https://registry.npmjs.org/@mui%2fprivate-theming 235ms (cache miss)
1132 silly packumentCache full:https://registry.npmjs.org/@mui%2fprivate-theming set size:undefined disposed:false
1133 http fetch GET 200 https://registry.npmjs.org/object-assign 218ms (cache miss)
1134 silly packumentCache full:https://registry.npmjs.org/object-assign set size:undefined disposed:false
1135 http fetch GET 200 https://registry.npmjs.org/dom-helpers 178ms (cache miss)
1136 silly packumentCache full:https://registry.npmjs.org/dom-helpers set size:undefined disposed:false
1137 silly placeDep ROOT @mui/private-theming@7.3.10 OK for: @mui/system@7.3.10 want: ^7.3.10
1138 silly placeDep ROOT @mui/styled-engine@7.3.10 OK for: @mui/system@7.3.10 want: ^7.3.10
1139 silly placeDep ROOT @types/prop-types@15.7.15 OK for: @mui/utils@7.3.10 want: ^15.7.15
1140 silly fetch manifest react@^16.8 || ^17.0 || ^18.0 || ^19.0 || ^19.0.0-rc
1141 silly packumentCache full:https://registry.npmjs.org/react cache-miss
1142 http fetch GET 200 https://registry.npmjs.org/react 15ms (cache hit)
1143 silly packumentCache full:https://registry.npmjs.org/react set size:6602032 disposed:false
1144 silly fetch manifest react-dom@^16.8 || ^17.0 || ^18.0 || ^19.0 || ^19.0.0-rc
1145 silly packumentCache full:https://registry.npmjs.org/react-dom cache-miss
1146 http fetch GET 200 https://registry.npmjs.org/react-dom 20ms (cache hit)
1147 silly packumentCache full:https://registry.npmjs.org/react-dom set size:8785426 disposed:false
1148 silly placeDep ROOT @radix-ui/primitive@1.1.1 OK for: @radix-ui/react-accordion@1.2.3 want: 1.1.1
1149 silly placeDep ROOT @radix-ui/react-collection@1.1.2 OK for: @radix-ui/react-accordion@1.2.3 want: 1.1.2
1150 silly placeDep ROOT @radix-ui/react-compose-refs@1.1.1 OK for: @radix-ui/react-accordion@1.2.3 want: 1.1.1
1151 silly placeDep ROOT @radix-ui/react-context@1.1.1 OK for: @radix-ui/react-accordion@1.2.3 want: 1.1.1
1152 silly placeDep ROOT @radix-ui/react-direction@1.1.0 OK for: @radix-ui/react-accordion@1.2.3 want: 1.1.0
1153 silly placeDep ROOT @radix-ui/react-id@1.1.0 OK for: @radix-ui/react-accordion@1.2.3 want: 1.1.0
1154 silly placeDep ROOT @radix-ui/react-primitive@2.0.2 OK for: @radix-ui/react-accordion@1.2.3 want: 2.0.2
1155 silly placeDep ROOT @radix-ui/react-use-controllable-state@1.1.0 OK for: @radix-ui/react-accordion@1.2.3 want: 1.1.0
1156 silly placeDep ROOT @radix-ui/react-use-callback-ref@1.1.0 OK for: @radix-ui/react-avatar@1.1.3 want: 1.1.0
1157 silly placeDep ROOT @radix-ui/react-use-layout-effect@1.1.0 OK for: @radix-ui/react-avatar@1.1.3 want: 1.1.0
1158 silly placeDep ROOT @radix-ui/react-presence@1.1.2 OK for: @radix-ui/react-checkbox@1.1.4 want: 1.1.2
1159 silly placeDep ROOT @radix-ui/react-use-previous@1.1.0 OK for: @radix-ui/react-checkbox@1.1.4 want: 1.1.0
1160 silly placeDep ROOT @radix-ui/react-use-size@1.1.0 OK for: @radix-ui/react-checkbox@1.1.4 want: 1.1.0
1161 silly placeDep ROOT @radix-ui/react-menu@2.1.6 OK for: @radix-ui/react-context-menu@2.2.6 want: 2.1.6
1162 silly placeDep ROOT @radix-ui/react-dismissable-layer@1.1.5 OK for: @radix-ui/react-dialog@1.1.6 want: 1.1.5
1163 silly placeDep ROOT @radix-ui/react-focus-guards@1.1.1 OK for: @radix-ui/react-dialog@1.1.6 want: 1.1.1
1164 silly placeDep ROOT @radix-ui/react-focus-scope@1.1.2 OK for: @radix-ui/react-dialog@1.1.6 want: 1.1.2
1165 silly placeDep ROOT @radix-ui/react-portal@1.1.4 OK for: @radix-ui/react-dialog@1.1.6 want: 1.1.4
1166 silly placeDep ROOT aria-hidden@1.2.6 OK for: @radix-ui/react-dialog@1.1.6 want: ^1.2.4
1167 silly placeDep ROOT react-remove-scroll@2.7.2 OK for: @radix-ui/react-dialog@1.1.6 want: ^2.6.3
1168 silly fetch manifest @radix-ui/react-use-escape-keydown@1.1.0
1169 silly packumentCache full:https://registry.npmjs.org/@radix-ui%2freact-use-escape-keydown cache-miss
1170 silly fetch manifest tslib@^2.0.0
1171 silly packumentCache full:https://registry.npmjs.org/tslib cache-miss
1172 silly fetch manifest react-remove-scroll-bar@^2.3.7
1173 silly packumentCache full:https://registry.npmjs.org/react-remove-scroll-bar cache-miss
1174 silly fetch manifest react-style-singleton@^2.2.3
1175 silly packumentCache full:https://registry.npmjs.org/react-style-singleton cache-miss
1176 silly fetch manifest tslib@^2.1.0
1177 silly packumentCache full:https://registry.npmjs.org/tslib cache-miss
1178 silly fetch manifest use-callback-ref@^1.3.3
1179 silly packumentCache full:https://registry.npmjs.org/use-callback-ref cache-miss
1180 silly fetch manifest use-sidecar@^1.1.3
1181 silly packumentCache full:https://registry.npmjs.org/use-sidecar cache-miss
1182 http fetch GET 200 https://registry.npmjs.org/tslib 8ms (cache hit)
1183 silly packumentCache full:https://registry.npmjs.org/tslib set size:108760 disposed:false
1184 http fetch GET 200 https://registry.npmjs.org/tslib 9ms (cache hit)
1185 silly packumentCache full:https://registry.npmjs.org/tslib set size:108760 disposed:false
1186 silly packumentCache full:https://registry.npmjs.org/tslib dispose
1187 http fetch GET 200 https://registry.npmjs.org/use-sidecar 179ms (cache miss)
1188 silly packumentCache full:https://registry.npmjs.org/use-sidecar set size:undefined disposed:false
1189 http fetch GET 200 https://registry.npmjs.org/use-callback-ref 181ms (cache miss)
1190 silly packumentCache full:https://registry.npmjs.org/use-callback-ref set size:undefined disposed:false
1191 http fetch GET 200 https://registry.npmjs.org/react-remove-scroll-bar 184ms (cache miss)
1192 silly packumentCache full:https://registry.npmjs.org/react-remove-scroll-bar set size:undefined disposed:false
1193 http fetch GET 200 https://registry.npmjs.org/@radix-ui%2freact-use-escape-keydown 194ms (cache miss)
1194 silly packumentCache full:https://registry.npmjs.org/@radix-ui%2freact-use-escape-keydown set size:undefined disposed:false
1195 http fetch GET 200 https://registry.npmjs.org/react-style-singleton 326ms (cache miss)
1196 silly packumentCache full:https://registry.npmjs.org/react-style-singleton set size:undefined disposed:false
1197 silly placeDep ROOT @radix-ui/react-use-escape-keydown@1.1.0 OK for: @radix-ui/react-dismissable-layer@1.1.5 want: 1.1.0
1198 silly placeDep ROOT @radix-ui/react-popper@1.2.2 OK for: @radix-ui/react-hover-card@1.1.6 want: 1.2.2
1199 silly fetch manifest @radix-ui/rect@1.1.0
1200 silly packumentCache full:https://registry.npmjs.org/@radix-ui%2frect cache-miss
1201 silly fetch manifest @radix-ui/react-arrow@1.1.2
1202 silly packumentCache full:https://registry.npmjs.org/@radix-ui%2freact-arrow cache-miss
1203 silly fetch manifest @floating-ui/react-dom@^2.0.0
1204 silly packumentCache full:https://registry.npmjs.org/@floating-ui%2freact-dom cache-miss
1205 silly fetch manifest @radix-ui/react-use-rect@1.1.0
1206 silly packumentCache full:https://registry.npmjs.org/@radix-ui%2freact-use-rect cache-miss
1207 http fetch GET 200 https://registry.npmjs.org/@floating-ui%2freact-dom 202ms (cache miss)
1208 silly packumentCache full:https://registry.npmjs.org/@floating-ui%2freact-dom set size:undefined disposed:false
1209 http fetch GET 200 https://registry.npmjs.org/@radix-ui%2freact-use-rect 206ms (cache miss)
1210 silly packumentCache full:https://registry.npmjs.org/@radix-ui%2freact-use-rect set size:undefined disposed:false
1211 http fetch GET 200 https://registry.npmjs.org/@radix-ui%2frect 210ms (cache miss)
1212 silly packumentCache full:https://registry.npmjs.org/@radix-ui%2frect set size:undefined disposed:false
1213 http fetch GET 200 https://registry.npmjs.org/@radix-ui%2freact-arrow 214ms (cache miss)
1214 silly packumentCache full:https://registry.npmjs.org/@radix-ui%2freact-arrow set size:undefined disposed:false
1215 silly placeDep ROOT @radix-ui/react-roving-focus@1.1.2 OK for: @radix-ui/react-menu@2.1.6 want: 1.1.2
1216 silly placeDep ROOT @radix-ui/react-visually-hidden@1.1.2 OK for: @radix-ui/react-navigation-menu@1.2.5 want: 1.1.2
1217 silly placeDep ROOT @floating-ui/react-dom@2.1.8 OK for: @radix-ui/react-popper@1.2.2 want: ^2.0.0
1218 silly placeDep ROOT @radix-ui/react-arrow@1.1.2 OK for: @radix-ui/react-popper@1.2.2 want: 1.1.2
1219 silly placeDep ROOT @radix-ui/react-use-rect@1.1.0 OK for: @radix-ui/react-popper@1.2.2 want: 1.1.0
1220 silly placeDep ROOT @radix-ui/rect@1.1.0 OK for: @radix-ui/react-popper@1.2.2 want: 1.1.0
1221 silly fetch manifest @floating-ui/dom@^1.7.6
1222 silly packumentCache full:https://registry.npmjs.org/@floating-ui%2fdom cache-miss
1223 http fetch GET 200 https://registry.npmjs.org/@floating-ui%2fdom 205ms (cache miss)
1224 silly packumentCache full:https://registry.npmjs.org/@floating-ui%2fdom set size:undefined disposed:false
1225 silly placeDep ROOT @floating-ui/dom@1.7.6 OK for: @floating-ui/react-dom@2.1.8 want: ^1.7.6
1226 silly fetch manifest @floating-ui/core@^1.7.5
1227 silly packumentCache full:https://registry.npmjs.org/@floating-ui%2fcore cache-miss
1228 silly fetch manifest @floating-ui/utils@^0.2.11
1229 silly packumentCache full:https://registry.npmjs.org/@floating-ui%2futils cache-miss
1230 http fetch GET 200 https://registry.npmjs.org/@floating-ui%2futils 194ms (cache miss)
1231 silly packumentCache full:https://registry.npmjs.org/@floating-ui%2futils set size:undefined disposed:false
1232 http fetch GET 200 https://registry.npmjs.org/@floating-ui%2fcore 196ms (cache miss)
1233 silly packumentCache full:https://registry.npmjs.org/@floating-ui%2fcore set size:undefined disposed:false
1234 silly placeDep ROOT @floating-ui/core@1.7.5 OK for: @floating-ui/dom@1.7.6 want: ^1.7.5
1235 silly placeDep ROOT @floating-ui/utils@0.2.11 OK for: @floating-ui/dom@1.7.6 want: ^0.2.11
1236 silly placeDep ROOT @radix-ui/number@1.1.0 OK for: @radix-ui/react-scroll-area@1.2.3 want: 1.1.0
1237 silly placeDep ROOT @tailwindcss/node@4.1.12 OK for: @tailwindcss/vite@4.1.12 want: 4.1.12
1238 silly placeDep ROOT @tailwindcss/oxide@4.1.12 OK for: @tailwindcss/vite@4.1.12 want: 4.1.12
1239 silly fetch manifest jiti@^2.5.1
1240 silly packumentCache full:https://registry.npmjs.org/jiti cache-miss
1241 silly fetch manifest lightningcss@1.30.1
1242 silly packumentCache full:https://registry.npmjs.org/lightningcss cache-miss
1243 silly fetch manifest magic-string@^0.30.17
1244 silly packumentCache full:https://registry.npmjs.org/magic-string cache-miss
1245 silly fetch manifest source-map-js@^1.2.1
1246 silly packumentCache full:https://registry.npmjs.org/source-map-js cache-miss
1247 silly fetch manifest enhanced-resolve@^5.18.3
1248 silly packumentCache full:https://registry.npmjs.org/enhanced-resolve cache-miss
1249 silly fetch manifest @jridgewell/remapping@^2.3.4
1250 silly packumentCache full:https://registry.npmjs.org/@jridgewell%2fremapping cache-miss
1251 silly fetch manifest tar@^7.4.3
1252 silly packumentCache full:https://registry.npmjs.org/tar cache-miss
1253 http fetch GET 200 https://registry.npmjs.org/lightningcss 13ms (cache hit)
1254 silly packumentCache full:https://registry.npmjs.org/lightningcss set size:186753 disposed:false
1255 silly fetch manifest detect-libc@^2.0.4
1256 silly packumentCache full:https://registry.npmjs.org/detect-libc cache-miss
1257 http fetch GET 200 https://registry.npmjs.org/jiti 17ms (cache hit)
1258 silly packumentCache full:https://registry.npmjs.org/jiti set size:382310 disposed:false
1259 silly fetch manifest @tailwindcss/oxide-darwin-x64@4.1.12
1260 silly packumentCache full:https://registry.npmjs.org/@tailwindcss%2foxide-darwin-x64 cache-miss
1261 http fetch GET 200 https://registry.npmjs.org/@jridgewell%2fremapping 196ms (cache miss)
1262 silly packumentCache full:https://registry.npmjs.org/@jridgewell%2fremapping set size:undefined disposed:false
1263 silly fetch manifest @tailwindcss/oxide-freebsd-x64@4.1.12
1264 silly packumentCache full:https://registry.npmjs.org/@tailwindcss%2foxide-freebsd-x64 cache-miss
1265 http fetch GET 200 https://registry.npmjs.org/source-map-js 203ms (cache miss)
1266 silly packumentCache full:https://registry.npmjs.org/source-map-js set size:undefined disposed:false
1267 silly fetch manifest @tailwindcss/oxide-wasm32-wasi@4.1.12
1268 silly packumentCache full:https://registry.npmjs.org/@tailwindcss%2foxide-wasm32-wasi cache-miss
1269 http fetch GET 200 https://registry.npmjs.org/detect-libc 191ms (cache miss)
1270 silly packumentCache full:https://registry.npmjs.org/detect-libc set size:undefined disposed:false
1271 silly fetch manifest @tailwindcss/oxide-darwin-arm64@4.1.12
1272 silly packumentCache full:https://registry.npmjs.org/@tailwindcss%2foxide-darwin-arm64 cache-miss
1273 http fetch GET 200 https://registry.npmjs.org/magic-string 211ms (cache miss)
1274 silly packumentCache full:https://registry.npmjs.org/magic-string set size:undefined disposed:false
1275 silly fetch manifest @tailwindcss/oxide-android-arm64@4.1.12
1276 silly packumentCache full:https://registry.npmjs.org/@tailwindcss%2foxide-android-arm64 cache-miss
1277 http fetch GET 200 https://registry.npmjs.org/enhanced-resolve 216ms (cache miss)
1278 silly packumentCache full:https://registry.npmjs.org/enhanced-resolve set size:undefined disposed:false
1279 silly fetch manifest @tailwindcss/oxide-linux-x64-gnu@4.1.12
1280 silly packumentCache full:https://registry.npmjs.org/@tailwindcss%2foxide-linux-x64-gnu cache-miss
1281 http fetch GET 200 https://registry.npmjs.org/tar 223ms (cache miss)
1282 silly packumentCache full:https://registry.npmjs.org/tar set size:undefined disposed:false
1283 silly fetch manifest @tailwindcss/oxide-linux-x64-musl@4.1.12
1284 silly packumentCache full:https://registry.npmjs.org/@tailwindcss%2foxide-linux-x64-musl cache-miss
1285 http fetch GET 200 https://registry.npmjs.org/@tailwindcss%2foxide-darwin-x64 263ms (cache miss)
1286 silly packumentCache full:https://registry.npmjs.org/@tailwindcss%2foxide-darwin-x64 set size:undefined disposed:false
1287 silly fetch manifest @tailwindcss/oxide-win32-x64-msvc@4.1.12
1288 silly packumentCache full:https://registry.npmjs.org/@tailwindcss%2foxide-win32-x64-msvc cache-miss
1289 http fetch GET 200 https://registry.npmjs.org/@tailwindcss%2foxide-wasm32-wasi 235ms (cache miss)
1290 silly packumentCache full:https://registry.npmjs.org/@tailwindcss%2foxide-wasm32-wasi set size:undefined disposed:false
1291 silly fetch manifest @tailwindcss/oxide-linux-arm64-gnu@4.1.12
1292 silly packumentCache full:https://registry.npmjs.org/@tailwindcss%2foxide-linux-arm64-gnu cache-miss
1293 http fetch GET 200 https://registry.npmjs.org/@tailwindcss%2foxide-android-arm64 292ms (cache miss)
1294 silly packumentCache full:https://registry.npmjs.org/@tailwindcss%2foxide-android-arm64 set size:undefined disposed:false
1295 silly fetch manifest @tailwindcss/oxide-linux-arm64-musl@4.1.12
1296 silly packumentCache full:https://registry.npmjs.org/@tailwindcss%2foxide-linux-arm64-musl cache-miss
1297 http fetch GET 200 https://registry.npmjs.org/@tailwindcss%2foxide-linux-x64-gnu 326ms (cache miss)
1298 silly packumentCache full:https://registry.npmjs.org/@tailwindcss%2foxide-linux-x64-gnu set size:undefined disposed:false
1299 silly fetch manifest @tailwindcss/oxide-win32-arm64-msvc@4.1.12
1300 silly packumentCache full:https://registry.npmjs.org/@tailwindcss%2foxide-win32-arm64-msvc cache-miss
1301 http fetch GET 200 https://registry.npmjs.org/@tailwindcss%2foxide-darwin-arm64 397ms (cache miss)
1302 silly packumentCache full:https://registry.npmjs.org/@tailwindcss%2foxide-darwin-arm64 set size:undefined disposed:false
1303 silly fetch manifest @tailwindcss/oxide-linux-arm-gnueabihf@4.1.12
1304 silly packumentCache full:https://registry.npmjs.org/@tailwindcss%2foxide-linux-arm-gnueabihf cache-miss
1305 http fetch GET 200 https://registry.npmjs.org/@tailwindcss%2foxide-freebsd-x64 439ms (cache miss)
1306 silly packumentCache full:https://registry.npmjs.org/@tailwindcss%2foxide-freebsd-x64 set size:undefined disposed:false
1307 http fetch GET 200 https://registry.npmjs.org/@tailwindcss%2foxide-win32-x64-msvc 377ms (cache miss)
1308 silly packumentCache full:https://registry.npmjs.org/@tailwindcss%2foxide-win32-x64-msvc set size:undefined disposed:false
1309 http fetch GET 200 https://registry.npmjs.org/@tailwindcss%2foxide-linux-x64-musl 501ms (cache miss)
1310 silly packumentCache full:https://registry.npmjs.org/@tailwindcss%2foxide-linux-x64-musl set size:undefined disposed:false
1311 http fetch GET 200 https://registry.npmjs.org/@tailwindcss%2foxide-linux-arm64-gnu 301ms (cache miss)
1312 silly packumentCache full:https://registry.npmjs.org/@tailwindcss%2foxide-linux-arm64-gnu set size:undefined disposed:false
1313 http fetch GET 200 https://registry.npmjs.org/@tailwindcss%2foxide-win32-arm64-msvc 226ms (cache miss)
1314 silly packumentCache full:https://registry.npmjs.org/@tailwindcss%2foxide-win32-arm64-msvc set size:undefined disposed:false
1315 http fetch GET 200 https://registry.npmjs.org/@tailwindcss%2foxide-linux-arm-gnueabihf 235ms (cache miss)
1316 silly packumentCache full:https://registry.npmjs.org/@tailwindcss%2foxide-linux-arm-gnueabihf set size:undefined disposed:false
1317 http fetch GET 200 https://registry.npmjs.org/@tailwindcss%2foxide-linux-arm64-musl 445ms (cache miss)
1318 silly packumentCache full:https://registry.npmjs.org/@tailwindcss%2foxide-linux-arm64-musl set size:undefined disposed:false
1319 silly placeDep ROOT @jridgewell/remapping@2.3.5 OK for: @tailwindcss/node@4.1.12 want: ^2.3.4
1320 silly placeDep ROOT enhanced-resolve@5.20.1 OK for: @tailwindcss/node@4.1.12 want: ^5.18.3
1321 silly placeDep ROOT jiti@2.6.1 OK for: @tailwindcss/node@4.1.12 want: ^2.5.1
1322 silly placeDep ROOT lightningcss@1.30.1 OK for: @tailwindcss/node@4.1.12 want: 1.30.1
1323 silly placeDep ROOT magic-string@0.30.21 OK for: @tailwindcss/node@4.1.12 want: ^0.30.17
1324 silly placeDep ROOT source-map-js@1.2.1 OK for: @tailwindcss/node@4.1.12 want: ^1.2.1
1325 silly fetch manifest graceful-fs@^4.2.4
1326 silly packumentCache full:https://registry.npmjs.org/graceful-fs cache-miss
1327 silly fetch manifest tapable@^2.3.0
1328 silly packumentCache full:https://registry.npmjs.org/tapable cache-miss
1329 silly fetch manifest detect-libc@^2.0.3
1330 silly packumentCache full:https://registry.npmjs.org/detect-libc cache-miss
1331 silly fetch manifest lightningcss-darwin-x64@1.30.1
1332 silly packumentCache full:https://registry.npmjs.org/lightningcss-darwin-x64 cache-miss
1333 silly fetch manifest lightningcss-freebsd-x64@1.30.1
1334 silly packumentCache full:https://registry.npmjs.org/lightningcss-freebsd-x64 cache-miss
1335 silly fetch manifest lightningcss-darwin-arm64@1.30.1
1336 silly packumentCache full:https://registry.npmjs.org/lightningcss-darwin-arm64 cache-miss
1337 silly fetch manifest lightningcss-linux-x64-gnu@1.30.1
1338 silly packumentCache full:https://registry.npmjs.org/lightningcss-linux-x64-gnu cache-miss
1339 http fetch GET 200 https://registry.npmjs.org/detect-libc 12ms (cache hit)
1340 silly packumentCache full:https://registry.npmjs.org/detect-libc set size:47861 disposed:false
1341 silly fetch manifest lightningcss-linux-x64-musl@1.30.1
1342 silly packumentCache full:https://registry.npmjs.org/lightningcss-linux-x64-musl cache-miss
1343 http fetch GET 200 https://registry.npmjs.org/tapable 194ms (cache miss)
1344 silly packumentCache full:https://registry.npmjs.org/tapable set size:undefined disposed:false
1345 silly fetch manifest lightningcss-win32-x64-msvc@1.30.1
1346 silly packumentCache full:https://registry.npmjs.org/lightningcss-win32-x64-msvc cache-miss
1347 http fetch GET 200 https://registry.npmjs.org/lightningcss-linux-x64-gnu 195ms (cache miss)
1348 silly packumentCache full:https://registry.npmjs.org/lightningcss-linux-x64-gnu set size:undefined disposed:false
1349 silly fetch manifest lightningcss-linux-arm64-gnu@1.30.1
1350 silly packumentCache full:https://registry.npmjs.org/lightningcss-linux-arm64-gnu cache-miss
1351 http fetch GET 200 https://registry.npmjs.org/lightningcss-freebsd-x64 198ms (cache miss)
1352 silly packumentCache full:https://registry.npmjs.org/lightningcss-freebsd-x64 set size:undefined disposed:false
1353 silly fetch manifest lightningcss-linux-arm64-musl@1.30.1
1354 silly packumentCache full:https://registry.npmjs.org/lightningcss-linux-arm64-musl cache-miss
1355 http fetch GET 200 https://registry.npmjs.org/graceful-fs 204ms (cache miss)
1356 silly packumentCache full:https://registry.npmjs.org/graceful-fs set size:undefined disposed:false
1357 silly fetch manifest lightningcss-win32-arm64-msvc@1.30.1
1358 silly packumentCache full:https://registry.npmjs.org/lightningcss-win32-arm64-msvc cache-miss
1359 http fetch GET 200 https://registry.npmjs.org/lightningcss-darwin-x64 204ms (cache miss)
1360 silly packumentCache full:https://registry.npmjs.org/lightningcss-darwin-x64 set size:undefined disposed:false
1361 silly fetch manifest lightningcss-linux-arm-gnueabihf@1.30.1
1362 silly packumentCache full:https://registry.npmjs.org/lightningcss-linux-arm-gnueabihf cache-miss
1363 http fetch GET 200 https://registry.npmjs.org/lightningcss-linux-x64-musl 198ms (cache miss)
1364 silly packumentCache full:https://registry.npmjs.org/lightningcss-linux-x64-musl set size:undefined disposed:false
1365 http fetch GET 200 https://registry.npmjs.org/lightningcss-darwin-arm64 211ms (cache miss)
1366 silly packumentCache full:https://registry.npmjs.org/lightningcss-darwin-arm64 set size:undefined disposed:false
1367 http fetch GET 200 https://registry.npmjs.org/lightningcss-linux-arm64-gnu 176ms (cache miss)
1368 silly packumentCache full:https://registry.npmjs.org/lightningcss-linux-arm64-gnu set size:undefined disposed:false
1369 http fetch GET 200 https://registry.npmjs.org/lightningcss-linux-arm64-musl 177ms (cache miss)
1370 silly packumentCache full:https://registry.npmjs.org/lightningcss-linux-arm64-musl set size:undefined disposed:false
1371 http fetch GET 200 https://registry.npmjs.org/lightningcss-win32-arm64-msvc 173ms (cache miss)
1372 silly packumentCache full:https://registry.npmjs.org/lightningcss-win32-arm64-msvc set size:undefined disposed:false
1373 http fetch GET 200 https://registry.npmjs.org/lightningcss-win32-x64-msvc 182ms (cache miss)
1374 silly packumentCache full:https://registry.npmjs.org/lightningcss-win32-x64-msvc set size:undefined disposed:false
1375 http fetch GET 200 https://registry.npmjs.org/lightningcss-linux-arm-gnueabihf 181ms (cache miss)
1376 silly packumentCache full:https://registry.npmjs.org/lightningcss-linux-arm-gnueabihf set size:undefined disposed:false
1377 silly placeDep ROOT @tailwindcss/oxide-android-arm64@4.1.12 OK for: @tailwindcss/oxide@4.1.12 want: 4.1.12
1378 silly placeDep ROOT @tailwindcss/oxide-darwin-arm64@4.1.12 OK for: @tailwindcss/oxide@4.1.12 want: 4.1.12
1379 silly placeDep ROOT @tailwindcss/oxide-darwin-x64@4.1.12 OK for: @tailwindcss/oxide@4.1.12 want: 4.1.12
1380 silly placeDep ROOT @tailwindcss/oxide-freebsd-x64@4.1.12 OK for: @tailwindcss/oxide@4.1.12 want: 4.1.12
1381 silly placeDep ROOT @tailwindcss/oxide-linux-arm-gnueabihf@4.1.12 OK for: @tailwindcss/oxide@4.1.12 want: 4.1.12
1382 silly placeDep ROOT @tailwindcss/oxide-linux-arm64-gnu@4.1.12 OK for: @tailwindcss/oxide@4.1.12 want: 4.1.12
1383 silly placeDep ROOT @tailwindcss/oxide-linux-arm64-musl@4.1.12 OK for: @tailwindcss/oxide@4.1.12 want: 4.1.12
1384 silly placeDep ROOT @tailwindcss/oxide-linux-x64-gnu@4.1.12 OK for: @tailwindcss/oxide@4.1.12 want: 4.1.12
1385 silly placeDep ROOT @tailwindcss/oxide-linux-x64-musl@4.1.12 OK for: @tailwindcss/oxide@4.1.12 want: 4.1.12
1386 silly placeDep ROOT @tailwindcss/oxide-wasm32-wasi@4.1.12 OK for: @tailwindcss/oxide@4.1.12 want: 4.1.12
1387 silly placeDep ROOT @tailwindcss/oxide-win32-arm64-msvc@4.1.12 OK for: @tailwindcss/oxide@4.1.12 want: 4.1.12
1388 silly placeDep ROOT @tailwindcss/oxide-win32-x64-msvc@4.1.12 OK for: @tailwindcss/oxide@4.1.12 want: 4.1.12
1389 silly placeDep ROOT detect-libc@2.1.2 OK for: @tailwindcss/oxide@4.1.12 want: ^2.0.4
1390 silly placeDep ROOT tar@7.5.13 OK for: @tailwindcss/oxide@4.1.12 want: ^7.4.3
1391 silly fetch manifest @isaacs/fs-minipass@^4.0.0
1392 silly packumentCache full:https://registry.npmjs.org/@isaacs%2ffs-minipass cache-miss
1393 silly fetch manifest chownr@^3.0.0
1394 silly packumentCache full:https://registry.npmjs.org/chownr cache-miss
1395 silly fetch manifest minipass@^7.1.2
1396 silly packumentCache full:https://registry.npmjs.org/minipass cache-miss
1397 silly fetch manifest minizlib@^3.1.0
1398 silly packumentCache full:https://registry.npmjs.org/minizlib cache-miss
1399 silly fetch manifest yallist@^5.0.0
1400 silly packumentCache full:https://registry.npmjs.org/yallist cache-miss
1401 http fetch GET 200 https://registry.npmjs.org/yallist 181ms (cache miss)
1402 silly packumentCache full:https://registry.npmjs.org/yallist set size:undefined disposed:false
1403 http fetch GET 200 https://registry.npmjs.org/chownr 184ms (cache miss)
1404 silly packumentCache full:https://registry.npmjs.org/chownr set size:undefined disposed:false
1405 http fetch GET 200 https://registry.npmjs.org/minizlib 187ms (cache miss)
1406 silly packumentCache full:https://registry.npmjs.org/minizlib set size:undefined disposed:false
1407 http fetch GET 200 https://registry.npmjs.org/minipass 191ms (cache miss)
1408 silly packumentCache full:https://registry.npmjs.org/minipass set size:undefined disposed:false
1409 http fetch GET 200 https://registry.npmjs.org/@isaacs%2ffs-minipass 318ms (cache miss)
1410 silly packumentCache full:https://registry.npmjs.org/@isaacs%2ffs-minipass set size:undefined disposed:false
1411 silly placeDep ROOT @babel/core@7.29.0 OK for: @vitejs/plugin-react@4.7.0 want: ^7.28.0
1412 silly placeDep ROOT @babel/plugin-transform-react-jsx-self@7.27.1 OK for: @vitejs/plugin-react@4.7.0 want: ^7.27.1
1413 silly placeDep ROOT @babel/plugin-transform-react-jsx-source@7.27.1 OK for: @vitejs/plugin-react@4.7.0 want: ^7.27.1
1414 silly placeDep ROOT @rolldown/pluginutils@1.0.0-beta.27 OK for: @vitejs/plugin-react@4.7.0 want: 1.0.0-beta.27
1415 silly placeDep ROOT @types/babel__core@7.20.5 OK for: @vitejs/plugin-react@4.7.0 want: ^7.20.5
1416 silly placeDep ROOT react-refresh@0.17.0 OK for: @vitejs/plugin-react@4.7.0 want: ^0.17.0
1417 silly fetch manifest json5@^2.2.3
1418 silly packumentCache full:https://registry.npmjs.org/json5 cache-miss
1419 silly fetch manifest semver@^6.3.1
1420 silly packumentCache full:https://registry.npmjs.org/semver cache-miss
1421 silly fetch manifest gensync@^1.0.0-beta.2
1422 silly packumentCache full:https://registry.npmjs.org/gensync cache-miss
1423 silly fetch manifest @babel/helpers@^7.28.6
1424 silly packumentCache full:https://registry.npmjs.org/@babel%2fhelpers cache-miss
1425 silly fetch manifest convert-source-map@^2.0.0
1426 silly packumentCache full:https://registry.npmjs.org/convert-source-map cache-miss
1427 silly fetch manifest @babel/helper-module-transforms@^7.28.6
1428 silly packumentCache full:https://registry.npmjs.org/@babel%2fhelper-module-transforms cache-miss
1429 silly fetch manifest @babel/helper-compilation-targets@^7.28.6
1430 silly packumentCache full:https://registry.npmjs.org/@babel%2fhelper-compilation-targets cache-miss
1431 http fetch GET 200 https://registry.npmjs.org/convert-source-map 11ms (cache hit)
1432 silly packumentCache full:https://registry.npmjs.org/convert-source-map set size:66997 disposed:false
1433 silly fetch manifest @babel/helper-plugin-utils@^7.27.1
1434 silly packumentCache full:https://registry.npmjs.org/@babel%2fhelper-plugin-utils cache-miss
1435 http fetch GET 200 https://registry.npmjs.org/gensync 208ms (cache miss)
1436 silly packumentCache full:https://registry.npmjs.org/gensync set size:undefined disposed:false
1437 silly fetch manifest @babel/helper-plugin-utils@^7.27.1
1438 silly packumentCache full:https://registry.npmjs.org/@babel%2fhelper-plugin-utils cache-miss
1439 http fetch GET 200 https://registry.npmjs.org/json5 218ms (cache miss)
1440 silly packumentCache full:https://registry.npmjs.org/json5 set size:undefined disposed:false
1441 silly fetch manifest @types/babel__template@*
1442 silly packumentCache full:https://registry.npmjs.org/@types%2fbabel__template cache-miss
1443 http fetch GET 200 https://registry.npmjs.org/@babel%2fhelper-compilation-targets 224ms (cache miss)
1444 silly packumentCache full:https://registry.npmjs.org/@babel%2fhelper-compilation-targets set size:undefined disposed:false
1445 silly fetch manifest @types/babel__traverse@*
1446 silly packumentCache full:https://registry.npmjs.org/@types%2fbabel__traverse cache-miss
1447 http fetch GET 200 https://registry.npmjs.org/semver 235ms (cache miss)
1448 silly packumentCache full:https://registry.npmjs.org/semver set size:undefined disposed:false
1449 silly fetch manifest @types/babel__generator@*
1450 silly packumentCache full:https://registry.npmjs.org/@types%2fbabel__generator cache-miss
1451 http fetch GET 200 https://registry.npmjs.org/@babel%2fhelper-module-transforms 237ms (cache miss)
1452 silly packumentCache full:https://registry.npmjs.org/@babel%2fhelper-module-transforms set size:undefined disposed:false
1453 http fetch GET 200 https://registry.npmjs.org/@babel%2fhelpers 244ms (cache miss)
1454 silly packumentCache full:https://registry.npmjs.org/@babel%2fhelpers set size:undefined disposed:false
1455 http fetch GET 200 https://registry.npmjs.org/@babel%2fhelper-plugin-utils 234ms (cache miss)
1456 silly packumentCache full:https://registry.npmjs.org/@babel%2fhelper-plugin-utils set size:undefined disposed:false
1457 http fetch GET 200 https://registry.npmjs.org/@babel%2fhelper-plugin-utils 191ms (cache miss)
1458 silly packumentCache full:https://registry.npmjs.org/@babel%2fhelper-plugin-utils set size:undefined disposed:false
1459 http fetch GET 200 https://registry.npmjs.org/@types%2fbabel__template 188ms (cache miss)
1460 silly packumentCache full:https://registry.npmjs.org/@types%2fbabel__template set size:undefined disposed:false
1461 http fetch GET 200 https://registry.npmjs.org/@types%2fbabel__traverse 176ms (cache miss)
1462 silly packumentCache full:https://registry.npmjs.org/@types%2fbabel__traverse set size:undefined disposed:false
1463 http fetch GET 200 https://registry.npmjs.org/@types%2fbabel__generator 185ms (cache miss)
1464 silly packumentCache full:https://registry.npmjs.org/@types%2fbabel__generator set size:undefined disposed:false
1465 silly fetch manifest @babel/core@^7.0.0
1466 silly packumentCache full:https://registry.npmjs.org/@babel%2fcore cache-miss
1467 http fetch GET 200 https://registry.npmjs.org/@babel%2fcore 5ms (cache hit)
1468 silly packumentCache full:https://registry.npmjs.org/@babel%2fcore set size:760113 disposed:false
1469 silly placeDep ROOT @babel/helper-compilation-targets@7.28.6 OK for: @babel/core@7.29.0 want: ^7.28.6
1470 silly placeDep ROOT @babel/helper-module-transforms@7.28.6 OK for: @babel/core@7.29.0 want: ^7.28.6
1471 silly placeDep ROOT @babel/helpers@7.29.2 OK for: @babel/core@7.29.0 want: ^7.28.6
1472 silly placeDep node_modules/@babel/core convert-source-map@2.0.0 OK for: @babel/core@7.29.0 want: ^2.0.0
1473 silly placeDep ROOT gensync@1.0.0-beta.2 OK for: @babel/core@7.29.0 want: ^1.0.0-beta.2
1474 silly placeDep ROOT json5@2.2.3 OK for: @babel/core@7.29.0 want: ^2.2.3
1475 silly placeDep ROOT semver@6.3.1 OK for: @babel/core@7.29.0 want: ^6.3.1
1476 silly fetch manifest lru-cache@^5.1.1
1477 silly packumentCache full:https://registry.npmjs.org/lru-cache cache-miss
1478 silly fetch manifest browserslist@^4.24.0
1479 silly packumentCache full:https://registry.npmjs.org/browserslist cache-miss
1480 silly fetch manifest @babel/compat-data@^7.28.6
1481 silly packumentCache full:https://registry.npmjs.org/@babel%2fcompat-data cache-miss
1482 silly fetch manifest @babel/helper-validator-option@^7.27.1
1483 silly packumentCache full:https://registry.npmjs.org/@babel%2fhelper-validator-option cache-miss
1484 http fetch GET 200 https://registry.npmjs.org/@babel%2fhelper-validator-option 194ms (cache miss)
1485 silly packumentCache full:https://registry.npmjs.org/@babel%2fhelper-validator-option set size:undefined disposed:false
1486 http fetch GET 200 https://registry.npmjs.org/lru-cache 209ms (cache miss)
1487 silly packumentCache full:https://registry.npmjs.org/lru-cache set size:undefined disposed:false
1488 http fetch GET 200 https://registry.npmjs.org/@babel%2fcompat-data 212ms (cache miss)
1489 silly packumentCache full:https://registry.npmjs.org/@babel%2fcompat-data set size:undefined disposed:false
1490 http fetch GET 200 https://registry.npmjs.org/browserslist 218ms (cache miss)
1491 silly packumentCache full:https://registry.npmjs.org/browserslist set size:undefined disposed:false
1492 silly placeDep ROOT @babel/compat-data@7.29.0 OK for: @babel/helper-compilation-targets@7.28.6 want: ^7.28.6
1493 silly placeDep ROOT @babel/helper-validator-option@7.27.1 OK for: @babel/helper-compilation-targets@7.28.6 want: ^7.27.1
1494 silly placeDep ROOT browserslist@4.28.2 OK for: @babel/helper-compilation-targets@7.28.6 want: ^4.24.0
1495 silly placeDep ROOT lru-cache@5.1.1 OK for: @babel/helper-compilation-targets@7.28.6 want: ^5.1.1
1496 silly fetch manifest baseline-browser-mapping@^2.10.12
1497 silly packumentCache full:https://registry.npmjs.org/baseline-browser-mapping cache-miss
1498 silly fetch manifest caniuse-lite@^1.0.30001782
1499 silly packumentCache full:https://registry.npmjs.org/caniuse-lite cache-miss
1500 silly fetch manifest electron-to-chromium@^1.5.328
1501 silly packumentCache full:https://registry.npmjs.org/electron-to-chromium cache-miss
1502 silly fetch manifest node-releases@^2.0.36
1503 silly packumentCache full:https://registry.npmjs.org/node-releases cache-miss
1504 silly fetch manifest update-browserslist-db@^1.2.3
1505 silly packumentCache full:https://registry.npmjs.org/update-browserslist-db cache-miss
1506 silly fetch manifest yallist@^3.0.2
1507 silly packumentCache full:https://registry.npmjs.org/yallist cache-miss
1508 http fetch GET 200 https://registry.npmjs.org/yallist 9ms (cache hit)
1509 silly packumentCache full:https://registry.npmjs.org/yallist set size:34610 disposed:false
1510 http fetch GET 200 https://registry.npmjs.org/update-browserslist-db 178ms (cache miss)
1511 silly packumentCache full:https://registry.npmjs.org/update-browserslist-db set size:undefined disposed:false
1512 http fetch GET 200 https://registry.npmjs.org/baseline-browser-mapping 186ms (cache miss)
1513 silly packumentCache full:https://registry.npmjs.org/baseline-browser-mapping set size:undefined disposed:false
1514 http fetch GET 200 https://registry.npmjs.org/node-releases 220ms (cache miss)
1515 silly packumentCache full:https://registry.npmjs.org/node-releases set size:undefined disposed:false
1516 http fetch GET 200 https://registry.npmjs.org/caniuse-lite 252ms (cache miss)
1517 silly packumentCache full:https://registry.npmjs.org/caniuse-lite set size:undefined disposed:false
1518 http fetch GET 200 https://registry.npmjs.org/electron-to-chromium 332ms (cache miss)
1519 silly packumentCache full:https://registry.npmjs.org/electron-to-chromium set size:undefined disposed:false
1520 silly placeDep ROOT @babel/helper-plugin-utils@7.28.6 OK for: @babel/plugin-transform-react-jsx-self@7.27.1 want: ^7.27.1
1521 silly placeDep ROOT @types/babel__generator@7.27.0 OK for: @types/babel__core@7.20.5 want: *
1522 silly placeDep ROOT @types/babel__template@7.4.4 OK for: @types/babel__core@7.20.5 want: *
1523 silly placeDep ROOT @types/babel__traverse@7.28.0 OK for: @types/babel__core@7.20.5 want: *
1524 silly placeDep ROOT tslib@2.8.1 OK for: aria-hidden@1.2.6 want: ^2.0.0
1525 silly placeDep ROOT follow-redirects@1.16.0 OK for: axios@1.15.0 want: ^1.15.11
1526 silly placeDep ROOT form-data@4.0.5 OK for: axios@1.15.0 want: ^4.0.5
1527 silly placeDep ROOT proxy-from-env@2.1.0 OK for: axios@1.15.0 want: ^2.1.0
1528 silly fetch manifest asynckit@^0.4.0
1529 silly packumentCache full:https://registry.npmjs.org/asynckit cache-miss
1530 silly fetch manifest combined-stream@^1.0.8
1531 silly packumentCache full:https://registry.npmjs.org/combined-stream cache-miss
1532 silly fetch manifest es-set-tostringtag@^2.1.0
1533 silly packumentCache full:https://registry.npmjs.org/es-set-tostringtag cache-miss
1534 silly fetch manifest hasown@^2.0.2
1535 silly packumentCache full:https://registry.npmjs.org/hasown cache-miss
1536 silly fetch manifest mime-types@^2.1.12
1537 silly packumentCache full:https://registry.npmjs.org/mime-types cache-miss
1538 http fetch GET 200 https://registry.npmjs.org/hasown 261ms (cache miss)
1539 silly packumentCache full:https://registry.npmjs.org/hasown set size:undefined disposed:false
1540 http fetch GET 200 https://registry.npmjs.org/es-set-tostringtag 263ms (cache miss)
1541 silly packumentCache full:https://registry.npmjs.org/es-set-tostringtag set size:undefined disposed:false
1542 http fetch GET 200 https://registry.npmjs.org/asynckit 266ms (cache miss)
1543 silly packumentCache full:https://registry.npmjs.org/asynckit set size:undefined disposed:false
1544 http fetch GET 200 https://registry.npmjs.org/combined-stream 267ms (cache miss)
1545 silly packumentCache full:https://registry.npmjs.org/combined-stream set size:undefined disposed:false
1546 http fetch GET 200 https://registry.npmjs.org/mime-types 269ms (cache miss)
1547 silly packumentCache full:https://registry.npmjs.org/mime-types set size:undefined disposed:false
1548 silly placeDep ROOT cosmiconfig@7.1.0 OK for: babel-plugin-macros@3.1.0 want: ^7.0.0
1549 silly placeDep ROOT resolve@1.22.12 OK for: babel-plugin-macros@3.1.0 want: ^1.19.0
1550 silly fetch manifest yaml@^1.10.0
1551 silly packumentCache full:https://registry.npmjs.org/yaml cache-miss
1552 silly fetch manifest path-type@^4.0.0
1553 silly packumentCache full:https://registry.npmjs.org/path-type cache-miss
1554 silly fetch manifest parse-json@^5.0.0
1555 silly packumentCache full:https://registry.npmjs.org/parse-json cache-miss
1556 silly fetch manifest import-fresh@^3.2.1
1557 silly packumentCache full:https://registry.npmjs.org/import-fresh cache-miss
1558 silly fetch manifest @types/parse-json@^4.0.0
1559 silly packumentCache full:https://registry.npmjs.org/@types%2fparse-json cache-miss
1560 silly fetch manifest es-errors@^1.3.0
1561 silly packumentCache full:https://registry.npmjs.org/es-errors cache-miss
1562 silly fetch manifest is-core-module@^2.16.1
1563 silly packumentCache full:https://registry.npmjs.org/is-core-module cache-miss
1564 http fetch GET 200 https://registry.npmjs.org/yaml 13ms (cache hit)
1565 silly packumentCache full:https://registry.npmjs.org/yaml set size:375230 disposed:false
1566 silly fetch manifest path-parse@^1.0.7
1567 silly packumentCache full:https://registry.npmjs.org/path-parse cache-miss
1568 http fetch GET 200 https://registry.npmjs.org/import-fresh 182ms (cache miss)
1569 silly packumentCache full:https://registry.npmjs.org/import-fresh set size:undefined disposed:false
1570 silly fetch manifest supports-preserve-symlinks-flag@^1.0.0
1571 silly packumentCache full:https://registry.npmjs.org/supports-preserve-symlinks-flag cache-miss
1572 http fetch GET 200 https://registry.npmjs.org/es-errors 188ms (cache miss)
1573 silly packumentCache full:https://registry.npmjs.org/es-errors set size:undefined disposed:false
1574 http fetch GET 200 https://registry.npmjs.org/@types%2fparse-json 193ms (cache miss)
1575 silly packumentCache full:https://registry.npmjs.org/@types%2fparse-json set size:undefined disposed:false
1576 http fetch GET 200 https://registry.npmjs.org/is-core-module 193ms (cache miss)
1577 silly packumentCache full:https://registry.npmjs.org/is-core-module set size:undefined disposed:false
1578 http fetch GET 200 https://registry.npmjs.org/parse-json 197ms (cache miss)
1579 silly packumentCache full:https://registry.npmjs.org/parse-json set size:undefined disposed:false
1580 http fetch GET 200 https://registry.npmjs.org/path-parse 180ms (cache miss)
1581 silly packumentCache full:https://registry.npmjs.org/path-parse set size:undefined disposed:false
1582 http fetch GET 200 https://registry.npmjs.org/path-type 198ms (cache miss)
1583 silly packumentCache full:https://registry.npmjs.org/path-type set size:undefined disposed:false
1584 http fetch GET 200 https://registry.npmjs.org/supports-preserve-symlinks-flag 173ms (cache miss)
1585 silly packumentCache full:https://registry.npmjs.org/supports-preserve-symlinks-flag set size:undefined disposed:false
1586 silly fetch manifest browserslist@>= 4.21.0
1587 silly packumentCache full:https://registry.npmjs.org/browserslist cache-miss
1588 http fetch GET 200 https://registry.npmjs.org/browserslist 4ms (cache hit)
1589 silly packumentCache full:https://registry.npmjs.org/browserslist set size:504681 disposed:false
1590 silly placeDep ROOT baseline-browser-mapping@2.10.18 OK for: browserslist@4.28.2 want: ^2.10.12
1591 silly placeDep ROOT caniuse-lite@1.0.30001787 OK for: browserslist@4.28.2 want: ^1.0.30001782
1592 silly placeDep ROOT electron-to-chromium@1.5.336 OK for: browserslist@4.28.2 want: ^1.5.328
1593 silly placeDep ROOT node-releases@2.0.37 OK for: browserslist@4.28.2 want: ^2.0.36
1594 silly placeDep ROOT update-browserslist-db@1.2.3 OK for: browserslist@4.28.2 want: ^1.2.3
1595 silly fetch manifest escalade@^3.2.0
1596 silly packumentCache full:https://registry.npmjs.org/escalade cache-miss
1597 http fetch GET 200 https://registry.npmjs.org/escalade 162ms (cache miss)
1598 silly packumentCache full:https://registry.npmjs.org/escalade set size:undefined disposed:false
1599 silly placeDep ROOT @types/parse-json@4.0.2 OK for: cosmiconfig@7.1.0 want: ^4.0.0
1600 silly placeDep ROOT import-fresh@3.3.1 OK for: cosmiconfig@7.1.0 want: ^3.2.1
1601 silly placeDep ROOT parse-json@5.2.0 OK for: cosmiconfig@7.1.0 want: ^5.0.0
1602 silly placeDep ROOT path-type@4.0.0 OK for: cosmiconfig@7.1.0 want: ^4.0.0
1603 silly placeDep ROOT yaml@1.10.3 OK for: cosmiconfig@7.1.0 want: ^1.10.0
1604 silly fetch manifest resolve-from@^4.0.0
1605 silly packumentCache full:https://registry.npmjs.org/resolve-from cache-miss
1606 silly fetch manifest parent-module@^1.0.0
1607 silly packumentCache full:https://registry.npmjs.org/parent-module cache-miss
1608 silly fetch manifest error-ex@^1.3.1
1609 silly packumentCache full:https://registry.npmjs.org/error-ex cache-miss
1610 silly fetch manifest lines-and-columns@^1.1.6
1611 silly packumentCache full:https://registry.npmjs.org/lines-and-columns cache-miss
1612 silly fetch manifest json-parse-even-better-errors@^2.3.0
1613 silly packumentCache full:https://registry.npmjs.org/json-parse-even-better-errors cache-miss
1614 http fetch GET 200 https://registry.npmjs.org/error-ex 172ms (cache miss)
1615 silly packumentCache full:https://registry.npmjs.org/error-ex set size:undefined disposed:false
1616 http fetch GET 200 https://registry.npmjs.org/resolve-from 189ms (cache miss)
1617 silly packumentCache full:https://registry.npmjs.org/resolve-from set size:undefined disposed:false
1618 http fetch GET 200 https://registry.npmjs.org/parent-module 190ms (cache miss)
1619 silly packumentCache full:https://registry.npmjs.org/parent-module set size:undefined disposed:false
1620 http fetch GET 200 https://registry.npmjs.org/json-parse-even-better-errors 191ms (cache miss)
1621 silly packumentCache full:https://registry.npmjs.org/json-parse-even-better-errors set size:undefined disposed:false
1622 http fetch GET 200 https://registry.npmjs.org/lines-and-columns 192ms (cache miss)
1623 silly packumentCache full:https://registry.npmjs.org/lines-and-columns set size:undefined disposed:false
1624 silly placeDep ROOT ms@2.1.3 OK for: debug@4.4.3 want: ^2.1.3
1625 silly placeDep ROOT embla-carousel@8.6.0 OK for: embla-carousel-react@8.6.0 want: 8.6.0
1626 silly placeDep ROOT embla-carousel-reactive-utils@8.6.0 OK for: embla-carousel-react@8.6.0 want: 8.6.0
1627 silly placeDep ROOT graceful-fs@4.2.11 OK for: enhanced-resolve@5.20.1 want: ^4.2.4
1628 silly placeDep ROOT tapable@2.3.2 OK for: enhanced-resolve@5.20.1 want: ^2.3.0
1629 silly placeDep ROOT asynckit@0.4.0 OK for: form-data@4.0.5 want: ^0.4.0
1630 silly placeDep ROOT combined-stream@1.0.8 OK for: form-data@4.0.5 want: ^1.0.8
1631 silly placeDep ROOT es-set-tostringtag@2.1.0 OK for: form-data@4.0.5 want: ^2.1.0
1632 silly placeDep ROOT hasown@2.0.2 OK for: form-data@4.0.5 want: ^2.0.2
1633 silly placeDep ROOT mime-types@2.1.35 OK for: form-data@4.0.5 want: ^2.1.12
1634 silly fetch manifest delayed-stream@~1.0.0
1635 silly packumentCache full:https://registry.npmjs.org/delayed-stream cache-miss
1636 silly fetch manifest get-intrinsic@^1.2.6
1637 silly packumentCache full:https://registry.npmjs.org/get-intrinsic cache-miss
1638 silly fetch manifest has-tostringtag@^1.0.2
1639 silly packumentCache full:https://registry.npmjs.org/has-tostringtag cache-miss
1640 silly fetch manifest function-bind@^1.1.2
1641 silly packumentCache full:https://registry.npmjs.org/function-bind cache-miss
1642 silly fetch manifest mime-db@1.52.0
1643 silly packumentCache full:https://registry.npmjs.org/mime-db cache-miss
1644 http fetch GET 200 https://registry.npmjs.org/delayed-stream 179ms (cache miss)
1645 silly packumentCache full:https://registry.npmjs.org/delayed-stream set size:undefined disposed:false
1646 http fetch GET 200 https://registry.npmjs.org/has-tostringtag 179ms (cache miss)
1647 silly packumentCache full:https://registry.npmjs.org/has-tostringtag set size:undefined disposed:false
1648 http fetch GET 200 https://registry.npmjs.org/function-bind 180ms (cache miss)
1649 silly packumentCache full:https://registry.npmjs.org/function-bind set size:undefined disposed:false
1650 http fetch GET 200 https://registry.npmjs.org/get-intrinsic 184ms (cache miss)
1651 silly packumentCache full:https://registry.npmjs.org/get-intrinsic set size:undefined disposed:false
1652 http fetch GET 200 https://registry.npmjs.org/mime-db 184ms (cache miss)
1653 silly packumentCache full:https://registry.npmjs.org/mime-db set size:undefined disposed:false
1654 silly placeDep ROOT delayed-stream@1.0.0 OK for: combined-stream@1.0.8 want: ~1.0.0
1655 silly placeDep ROOT es-errors@1.3.0 OK for: es-set-tostringtag@2.1.0 want: ^1.3.0
1656 silly placeDep ROOT get-intrinsic@1.3.0 OK for: es-set-tostringtag@2.1.0 want: ^1.2.6
1657 silly placeDep ROOT has-tostringtag@1.0.2 OK for: es-set-tostringtag@2.1.0 want: ^1.0.2
1658 silly fetch manifest gopd@^1.2.0
1659 silly packumentCache full:https://registry.npmjs.org/gopd cache-miss
1660 silly fetch manifest get-proto@^1.0.1
1661 silly packumentCache full:https://registry.npmjs.org/get-proto cache-miss
1662 silly fetch manifest has-symbols@^1.1.0
1663 silly packumentCache full:https://registry.npmjs.org/has-symbols cache-miss
1664 silly fetch manifest es-object-atoms@^1.1.1
1665 silly packumentCache full:https://registry.npmjs.org/es-object-atoms cache-miss
1666 silly fetch manifest math-intrinsics@^1.1.0
1667 silly packumentCache full:https://registry.npmjs.org/math-intrinsics cache-miss
1668 silly fetch manifest es-define-property@^1.0.1
1669 silly packumentCache full:https://registry.npmjs.org/es-define-property cache-miss
1670 silly fetch manifest call-bind-apply-helpers@^1.0.2
1671 silly packumentCache full:https://registry.npmjs.org/call-bind-apply-helpers cache-miss
1672 http fetch GET 200 https://registry.npmjs.org/call-bind-apply-helpers 182ms (cache miss)
1673 silly packumentCache full:https://registry.npmjs.org/call-bind-apply-helpers set size:undefined disposed:false
1674 silly fetch manifest has-symbols@^1.0.3
1675 silly packumentCache full:https://registry.npmjs.org/has-symbols cache-miss
1676 http fetch GET 200 https://registry.npmjs.org/math-intrinsics 187ms (cache miss)
1677 silly packumentCache full:https://registry.npmjs.org/math-intrinsics set size:undefined disposed:false
1678 http fetch GET 200 https://registry.npmjs.org/es-object-atoms 188ms (cache miss)
1679 silly packumentCache full:https://registry.npmjs.org/es-object-atoms set size:undefined disposed:false
1680 http fetch GET 200 https://registry.npmjs.org/gopd 192ms (cache miss)
1681 silly packumentCache full:https://registry.npmjs.org/gopd set size:undefined disposed:false
1682 http fetch GET 200 https://registry.npmjs.org/es-define-property 190ms (cache miss)
1683 silly packumentCache full:https://registry.npmjs.org/es-define-property set size:undefined disposed:false
1684 http fetch GET 200 https://registry.npmjs.org/has-symbols 192ms (cache miss)
1685 silly packumentCache full:https://registry.npmjs.org/has-symbols set size:undefined disposed:false
1686 http fetch GET 200 https://registry.npmjs.org/get-proto 194ms (cache miss)
1687 silly packumentCache full:https://registry.npmjs.org/get-proto set size:undefined disposed:false
1688 http fetch GET 200 https://registry.npmjs.org/has-symbols 167ms (cache miss)
1689 silly packumentCache full:https://registry.npmjs.org/has-symbols set size:undefined disposed:false
1690 silly placeDep ROOT call-bind-apply-helpers@1.0.2 OK for: get-intrinsic@1.3.0 want: ^1.0.2
1691 silly placeDep ROOT es-define-property@1.0.1 OK for: get-intrinsic@1.3.0 want: ^1.0.1
1692 silly placeDep ROOT es-object-atoms@1.1.1 OK for: get-intrinsic@1.3.0 want: ^1.1.1
1693 silly placeDep ROOT function-bind@1.1.2 OK for: get-intrinsic@1.3.0 want: ^1.1.2
1694 silly placeDep ROOT get-proto@1.0.1 OK for: get-intrinsic@1.3.0 want: ^1.0.1
1695 silly placeDep ROOT gopd@1.2.0 OK for: get-intrinsic@1.3.0 want: ^1.2.0
1696 silly placeDep ROOT has-symbols@1.1.0 OK for: get-intrinsic@1.3.0 want: ^1.1.0
1697 silly placeDep ROOT math-intrinsics@1.1.0 OK for: get-intrinsic@1.3.0 want: ^1.1.0
1698 silly fetch manifest dunder-proto@^1.0.1
1699 silly packumentCache full:https://registry.npmjs.org/dunder-proto cache-miss
1700 http fetch GET 200 https://registry.npmjs.org/dunder-proto 164ms (cache miss)
1701 silly packumentCache full:https://registry.npmjs.org/dunder-proto set size:undefined disposed:false
1702 silly placeDep ROOT dunder-proto@1.0.1 OK for: get-proto@1.0.1 want: ^1.0.1
1703 silly placeDep node_modules/hoist-non-react-statics react-is@16.13.1 OK for: hoist-non-react-statics@3.3.2 want: ^16.7.0
1704 silly placeDep ROOT parent-module@1.0.1 OK for: import-fresh@3.3.1 want: ^1.0.0
1705 silly placeDep ROOT resolve-from@4.0.0 OK for: import-fresh@3.3.1 want: ^4.0.0
1706 silly fetch manifest callsites@^3.0.0
1707 silly packumentCache full:https://registry.npmjs.org/callsites cache-miss
1708 http fetch GET 200 https://registry.npmjs.org/callsites 167ms (cache miss)
1709 silly packumentCache full:https://registry.npmjs.org/callsites set size:undefined disposed:false
1710 silly placeDep ROOT lightningcss-darwin-arm64@1.30.1 OK for: lightningcss@1.30.1 want: 1.30.1
1711 silly placeDep ROOT lightningcss-darwin-x64@1.30.1 OK for: lightningcss@1.30.1 want: 1.30.1
1712 silly placeDep ROOT lightningcss-freebsd-x64@1.30.1 OK for: lightningcss@1.30.1 want: 1.30.1
1713 silly placeDep ROOT lightningcss-linux-arm-gnueabihf@1.30.1 OK for: lightningcss@1.30.1 want: 1.30.1
1714 silly placeDep ROOT lightningcss-linux-arm64-gnu@1.30.1 OK for: lightningcss@1.30.1 want: 1.30.1
1715 silly placeDep ROOT lightningcss-linux-arm64-musl@1.30.1 OK for: lightningcss@1.30.1 want: 1.30.1
1716 silly placeDep ROOT lightningcss-linux-x64-gnu@1.30.1 OK for: lightningcss@1.30.1 want: 1.30.1
1717 silly placeDep ROOT lightningcss-linux-x64-musl@1.30.1 OK for: lightningcss@1.30.1 want: 1.30.1
1718 silly placeDep ROOT lightningcss-win32-arm64-msvc@1.30.1 OK for: lightningcss@1.30.1 want: 1.30.1
1719 silly placeDep ROOT lightningcss-win32-x64-msvc@1.30.1 OK for: lightningcss@1.30.1 want: 1.30.1
1720 silly placeDep ROOT yallist@3.1.1 OK for: lru-cache@5.1.1 want: ^3.0.2
1721 silly placeDep ROOT mime-db@1.52.0 OK for: mime-types@2.1.35 want: 1.52.0
1722 silly fetch manifest react@^18.0.0 || ^19.0.0
1723 silly packumentCache full:https://registry.npmjs.org/react cache-miss
1724 http fetch GET 200 https://registry.npmjs.org/react 16ms (cache hit)
1725 silly packumentCache full:https://registry.npmjs.org/react set size:6602032 disposed:false
1726 silly fetch manifest react-dom@^18.0.0 || ^19.0.0
1727 silly packumentCache full:https://registry.npmjs.org/react-dom cache-miss
1728 http fetch GET 200 https://registry.npmjs.org/react-dom 22ms (cache hit)
1729 silly packumentCache full:https://registry.npmjs.org/react-dom set size:8785426 disposed:false
1730 silly placeDep ROOT framer-motion@12.38.0 OK for: motion@12.23.24 want: ^12.23.24
1731 silly fetch manifest motion-dom@^12.38.0
1732 silly packumentCache full:https://registry.npmjs.org/motion-dom cache-miss
1733 silly fetch manifest motion-utils@^12.36.0
1734 silly packumentCache full:https://registry.npmjs.org/motion-utils cache-miss
1735 http fetch GET 200 https://registry.npmjs.org/motion-utils 184ms (cache miss)
1736 silly packumentCache full:https://registry.npmjs.org/motion-utils set size:undefined disposed:false
1737 http fetch GET 200 https://registry.npmjs.org/motion-dom 190ms (cache miss)
1738 silly packumentCache full:https://registry.npmjs.org/motion-dom set size:undefined disposed:false
1739 silly placeDep ROOT motion-dom@12.38.0 OK for: framer-motion@12.38.0 want: ^12.38.0
1740 silly placeDep ROOT motion-utils@12.36.0 OK for: framer-motion@12.38.0 want: ^12.36.0
1741 silly placeDep ROOT callsites@3.1.0 OK for: parent-module@1.0.1 want: ^3.0.0
1742 silly placeDep ROOT error-ex@1.3.4 OK for: parse-json@5.2.0 want: ^1.3.1
1743 silly placeDep ROOT json-parse-even-better-errors@2.3.1 OK for: parse-json@5.2.0 want: ^2.3.0
1744 silly placeDep ROOT lines-and-columns@1.2.4 OK for: parse-json@5.2.0 want: ^1.1.6
1745 silly fetch manifest is-arrayish@^0.2.1
1746 silly packumentCache full:https://registry.npmjs.org/is-arrayish cache-miss
1747 http fetch GET 200 https://registry.npmjs.org/is-arrayish 167ms (cache miss)
1748 silly packumentCache full:https://registry.npmjs.org/is-arrayish set size:undefined disposed:false
1749 silly placeDep ROOT is-arrayish@0.2.1 OK for: error-ex@1.3.4 want: ^0.2.1
1750 silly placeDep ROOT loose-envify@1.4.0 OK for: prop-types@15.8.1 want: ^1.4.0
1751 silly placeDep ROOT object-assign@4.1.1 OK for: prop-types@15.8.1 want: ^4.1.1
1752 silly placeDep node_modules/prop-types react-is@16.13.1 OK for: prop-types@15.8.1 want: ^16.13.1
1753 silly placeDep ROOT @react-dnd/invariant@4.0.2 OK for: react-dnd@16.0.1 want: ^4.0.1
1754 silly placeDep ROOT @react-dnd/shallowequal@4.0.2 OK for: react-dnd@16.0.1 want: ^4.0.1
1755 silly placeDep ROOT dnd-core@16.0.1 OK for: react-dnd@16.0.1 want: ^16.0.1
1756 silly placeDep ROOT fast-deep-equal@3.1.3 OK for: react-dnd@16.0.1 want: ^3.1.3
1757 silly fetch manifest @react-dnd/asap@^5.0.1
1758 silly packumentCache full:https://registry.npmjs.org/@react-dnd%2fasap cache-miss
1759 silly fetch manifest redux@^4.2.0
1760 silly packumentCache full:https://registry.npmjs.org/redux cache-miss
1761 http fetch GET 200 https://registry.npmjs.org/redux 189ms (cache miss)
1762 silly packumentCache full:https://registry.npmjs.org/redux set size:undefined disposed:false
1763 http fetch GET 200 https://registry.npmjs.org/@react-dnd%2fasap 248ms (cache miss)
1764 silly packumentCache full:https://registry.npmjs.org/@react-dnd%2fasap set size:undefined disposed:false
1765 silly placeDep ROOT @react-dnd/asap@5.0.2 OK for: dnd-core@16.0.1 want: ^5.0.1
1766 silly placeDep ROOT redux@4.2.1 OK for: dnd-core@16.0.1 want: ^4.2.0
1767 silly placeDep ROOT scheduler@0.23.2 OK for: react-dom@18.3.1 want: ^0.23.2
1768 silly placeDep ROOT react-fast-compare@3.2.2 OK for: react-popper@2.3.0 want: ^3.0.1
1769 silly placeDep ROOT warning@4.0.3 OK for: react-popper@2.3.0 want: ^4.0.2
1770 silly fetch manifest react@^16.8.0 || ^17.0.0 || ^18.0.0 || ^19.0.0 || ^19.0.0-rc
1771 silly packumentCache full:https://registry.npmjs.org/react cache-miss
1772 http fetch GET 200 https://registry.npmjs.org/react 18ms (cache hit)
1773 silly packumentCache full:https://registry.npmjs.org/react set size:6602032 disposed:false
1774 silly placeDep ROOT react-remove-scroll-bar@2.3.8 OK for: react-remove-scroll@2.7.2 want: ^2.3.7
1775 silly placeDep ROOT react-style-singleton@2.2.3 OK for: react-remove-scroll@2.7.2 want: ^2.2.3
1776 silly placeDep ROOT use-callback-ref@1.3.3 OK for: react-remove-scroll@2.7.2 want: ^1.3.3
1777 silly placeDep ROOT use-sidecar@1.1.3 OK for: react-remove-scroll@2.7.2 want: ^1.1.3
1778 silly fetch manifest react-style-singleton@^2.2.2
1779 silly packumentCache full:https://registry.npmjs.org/react-style-singleton cache-miss
1780 silly fetch manifest get-nonce@^1.0.0
1781 silly packumentCache full:https://registry.npmjs.org/get-nonce cache-miss
1782 silly fetch manifest detect-node-es@^1.1.0
1783 silly packumentCache full:https://registry.npmjs.org/detect-node-es cache-miss
1784 http fetch GET 200 https://registry.npmjs.org/react-style-singleton 8ms (cache hit)
1785 silly packumentCache full:https://registry.npmjs.org/react-style-singleton set size:33682 disposed:false
1786 http fetch GET 200 https://registry.npmjs.org/detect-node-es 178ms (cache miss)
1787 silly packumentCache full:https://registry.npmjs.org/detect-node-es set size:undefined disposed:false
1788 http fetch GET 200 https://registry.npmjs.org/get-nonce 1402ms (cache miss)
1789 silly packumentCache full:https://registry.npmjs.org/get-nonce set size:undefined disposed:false
1790 silly placeDep ROOT cookie@1.1.1 OK for: react-router@7.14.1 want: ^1.0.1
1791 silly placeDep ROOT set-cookie-parser@2.7.2 OK for: react-router@7.14.1 want: ^2.6.0
1792 silly placeDep ROOT classnames@2.5.1 OK for: react-slick@0.31.0 want: ^2.2.5
1793 silly placeDep ROOT json2mq@0.2.0 OK for: react-slick@0.31.0 want: ^0.2.0
1794 silly placeDep ROOT lodash.debounce@4.0.8 OK for: react-slick@0.31.0 want: ^4.0.8
1795 silly placeDep ROOT resize-observer-polyfill@1.5.1 OK for: react-slick@0.31.0 want: ^1.5.0
1796 silly fetch manifest string-convert@^0.2.0
1797 silly packumentCache full:https://registry.npmjs.org/string-convert cache-miss
1798 http fetch GET 200 https://registry.npmjs.org/string-convert 161ms (cache miss)
1799 silly packumentCache full:https://registry.npmjs.org/string-convert set size:undefined disposed:false
1800 silly placeDep ROOT string-convert@0.2.1 OK for: json2mq@0.2.0 want: ^0.2.0
1801 silly placeDep ROOT get-nonce@1.0.1 OK for: react-style-singleton@2.2.3 want: ^1.0.0
1802 silly placeDep ROOT dom-helpers@5.2.1 OK for: react-transition-group@4.4.5 want: ^5.0.1
1803 silly fetch manifest react@^16.0.0 || ^17.0.0 || ^18.0.0 || ^19.0.0
1804 silly packumentCache full:https://registry.npmjs.org/react cache-miss
1805 http fetch GET 200 https://registry.npmjs.org/react 16ms (cache hit)
1806 silly packumentCache full:https://registry.npmjs.org/react set size:6602032 disposed:false
1807 silly fetch manifest react-dom@^16.0.0 || ^17.0.0 || ^18.0.0 || ^19.0.0
1808 silly packumentCache full:https://registry.npmjs.org/react-dom cache-miss
1809 http fetch GET 200 https://registry.npmjs.org/react-dom 26ms (cache hit)
1810 silly packumentCache full:https://registry.npmjs.org/react-dom set size:8785426 disposed:false
1811 silly placeDep ROOT eventemitter3@4.0.7 OK for: recharts@2.15.2 want: ^4.0.1
1812 silly placeDep ROOT lodash@4.18.1 OK for: recharts@2.15.2 want: ^4.17.21
1813 silly placeDep node_modules/recharts react-is@18.3.1 OK for: recharts@2.15.2 want: ^18.3.1
1814 silly placeDep ROOT react-smooth@4.0.4 OK for: recharts@2.15.2 want: ^4.0.4
1815 silly placeDep ROOT recharts-scale@0.4.5 OK for: recharts@2.15.2 want: ^0.4.4
1816 silly placeDep ROOT tiny-invariant@1.3.3 OK for: recharts@2.15.2 want: ^1.3.1
1817 silly placeDep ROOT victory-vendor@36.9.2 OK for: recharts@2.15.2 want: ^36.6.8
1818 silly fetch manifest fast-equals@^5.0.1
1819 silly packumentCache full:https://registry.npmjs.org/fast-equals cache-miss
1820 silly fetch manifest decimal.js-light@^2.4.1
1821 silly packumentCache full:https://registry.npmjs.org/decimal.js-light cache-miss
1822 silly fetch manifest d3-ease@^3.0.1
1823 silly packumentCache full:https://registry.npmjs.org/d3-ease cache-miss
1824 silly fetch manifest d3-time@^3.0.0
1825 silly packumentCache full:https://registry.npmjs.org/d3-time cache-miss
1826 silly fetch manifest d3-array@^3.1.6
1827 silly packumentCache full:https://registry.npmjs.org/d3-array cache-miss
1828 silly fetch manifest d3-scale@^4.0.2
1829 silly packumentCache full:https://registry.npmjs.org/d3-scale cache-miss
1830 silly fetch manifest d3-shape@^3.1.0
1831 silly packumentCache full:https://registry.npmjs.org/d3-shape cache-miss
1832 http fetch GET 200 https://registry.npmjs.org/d3-ease 165ms (cache miss)
1833 silly packumentCache full:https://registry.npmjs.org/d3-ease set size:undefined disposed:false
1834 silly fetch manifest d3-timer@^3.0.1
1835 silly packumentCache full:https://registry.npmjs.org/d3-timer cache-miss
1836 http fetch GET 200 https://registry.npmjs.org/decimal.js-light 179ms (cache miss)
1837 silly packumentCache full:https://registry.npmjs.org/decimal.js-light set size:undefined disposed:false
1838 silly fetch manifest @types/d3-ease@^3.0.0
1839 silly packumentCache full:https://registry.npmjs.org/@types%2fd3-ease cache-miss
1840 http fetch GET 200 https://registry.npmjs.org/d3-time 190ms (cache miss)
1841 silly packumentCache full:https://registry.npmjs.org/d3-time set size:undefined disposed:false
1842 silly fetch manifest @types/d3-time@^3.0.0
1843 silly packumentCache full:https://registry.npmjs.org/@types%2fd3-time cache-miss
1844 http fetch GET 200 https://registry.npmjs.org/d3-array 195ms (cache miss)
1845 silly packumentCache full:https://registry.npmjs.org/d3-array set size:undefined disposed:false
1846 silly fetch manifest d3-interpolate@^3.0.1
1847 silly packumentCache full:https://registry.npmjs.org/d3-interpolate cache-miss
1848 http fetch GET 200 https://registry.npmjs.org/d3-shape 196ms (cache miss)
1849 silly packumentCache full:https://registry.npmjs.org/d3-shape set size:undefined disposed:false
1850 silly fetch manifest @types/d3-array@^3.0.3
1851 silly packumentCache full:https://registry.npmjs.org/@types%2fd3-array cache-miss
1852 http fetch GET 200 https://registry.npmjs.org/fast-equals 207ms (cache miss)
1853 silly packumentCache full:https://registry.npmjs.org/fast-equals set size:undefined disposed:false
1854 silly fetch manifest @types/d3-scale@^4.0.2
1855 silly packumentCache full:https://registry.npmjs.org/@types%2fd3-scale cache-miss
1856 http fetch GET 200 https://registry.npmjs.org/d3-scale 209ms (cache miss)
1857 silly packumentCache full:https://registry.npmjs.org/d3-scale set size:undefined disposed:false
1858 silly fetch manifest @types/d3-shape@^3.1.0
1859 silly packumentCache full:https://registry.npmjs.org/@types%2fd3-shape cache-miss
1860 http fetch GET 200 https://registry.npmjs.org/d3-timer 197ms (cache miss)
1861 silly packumentCache full:https://registry.npmjs.org/d3-timer set size:undefined disposed:false
1862 silly fetch manifest @types/d3-timer@^3.0.0
1863 silly packumentCache full:https://registry.npmjs.org/@types%2fd3-timer cache-miss
1864 http fetch GET 200 https://registry.npmjs.org/@types%2fd3-ease 190ms (cache miss)
1865 silly packumentCache full:https://registry.npmjs.org/@types%2fd3-ease set size:undefined disposed:false
1866 silly fetch manifest @types/d3-interpolate@^3.0.1
1867 silly packumentCache full:https://registry.npmjs.org/@types%2fd3-interpolate cache-miss
1868 http fetch GET 200 https://registry.npmjs.org/d3-interpolate 175ms (cache miss)
1869 silly packumentCache full:https://registry.npmjs.org/d3-interpolate set size:undefined disposed:false
1870 http fetch GET 200 https://registry.npmjs.org/@types%2fd3-array 181ms (cache miss)
1871 silly packumentCache full:https://registry.npmjs.org/@types%2fd3-array set size:undefined disposed:false
1872 http fetch GET 200 https://registry.npmjs.org/@types%2fd3-shape 170ms (cache miss)
1873 silly packumentCache full:https://registry.npmjs.org/@types%2fd3-shape set size:undefined disposed:false
1874 http fetch GET 200 https://registry.npmjs.org/@types%2fd3-scale 182ms (cache miss)
1875 silly packumentCache full:https://registry.npmjs.org/@types%2fd3-scale set size:undefined disposed:false
1876 http fetch GET 200 https://registry.npmjs.org/@types%2fd3-timer 185ms (cache miss)
1877 silly packumentCache full:https://registry.npmjs.org/@types%2fd3-timer set size:undefined disposed:false
1878 http fetch GET 200 https://registry.npmjs.org/@types%2fd3-interpolate 189ms (cache miss)
1879 silly packumentCache full:https://registry.npmjs.org/@types%2fd3-interpolate set size:undefined disposed:false
1880 http fetch GET 200 https://registry.npmjs.org/@types%2fd3-time 468ms (cache miss)
1881 silly packumentCache full:https://registry.npmjs.org/@types%2fd3-time set size:undefined disposed:false
1882 silly placeDep ROOT fast-equals@5.4.0 OK for: react-smooth@4.0.4 want: ^5.0.1
1883 silly placeDep ROOT decimal.js-light@2.5.1 OK for: recharts-scale@0.4.5 want: ^2.4.1
1884 silly placeDep ROOT is-core-module@2.16.1 OK for: resolve@1.22.12 want: ^2.16.1
1885 silly placeDep ROOT path-parse@1.0.7 OK for: resolve@1.22.12 want: ^1.0.7
1886 silly placeDep ROOT supports-preserve-symlinks-flag@1.0.0 OK for: resolve@1.22.12 want: ^1.0.0
1887 silly placeDep ROOT @isaacs/fs-minipass@4.0.1 OK for: tar@7.5.13 want: ^4.0.0
1888 silly placeDep ROOT chownr@3.0.0 OK for: tar@7.5.13 want: ^3.0.0
1889 silly placeDep ROOT minipass@7.1.3 OK for: tar@7.5.13 want: ^7.1.2
1890 silly placeDep ROOT minizlib@3.1.0 OK for: tar@7.5.13 want: ^3.1.0
1891 silly placeDep node_modules/tar yallist@5.0.0 OK for: tar@7.5.13 want: ^5.0.0
1892 silly fetch manifest minipass@^7.0.4
1893 silly packumentCache full:https://registry.npmjs.org/minipass cache-miss
1894 http fetch GET 200 https://registry.npmjs.org/minipass 6ms (cache hit)
1895 silly packumentCache full:https://registry.npmjs.org/minipass set size:276925 disposed:false
1896 silly placeDep ROOT escalade@3.2.0 OK for: update-browserslist-db@1.2.3 want: ^3.2.0
1897 silly placeDep ROOT detect-node-es@1.1.0 OK for: use-sidecar@1.1.3 want: ^1.1.0
1898 silly placeDep ROOT @types/d3-array@3.2.2 OK for: victory-vendor@36.9.2 want: ^3.0.3
1899 silly placeDep ROOT @types/d3-ease@3.0.2 OK for: victory-vendor@36.9.2 want: ^3.0.0
1900 silly placeDep ROOT @types/d3-interpolate@3.0.4 OK for: victory-vendor@36.9.2 want: ^3.0.1
1901 silly placeDep ROOT @types/d3-scale@4.0.9 OK for: victory-vendor@36.9.2 want: ^4.0.2
1902 silly placeDep ROOT @types/d3-shape@3.1.8 OK for: victory-vendor@36.9.2 want: ^3.1.0
1903 silly placeDep ROOT @types/d3-time@3.0.4 OK for: victory-vendor@36.9.2 want: ^3.0.0
1904 silly placeDep ROOT @types/d3-timer@3.0.2 OK for: victory-vendor@36.9.2 want: ^3.0.0
1905 silly placeDep ROOT d3-array@3.2.4 OK for: victory-vendor@36.9.2 want: ^3.1.6
1906 silly placeDep ROOT d3-ease@3.0.1 OK for: victory-vendor@36.9.2 want: ^3.0.1
1907 silly placeDep ROOT d3-interpolate@3.0.1 OK for: victory-vendor@36.9.2 want: ^3.0.1
1908 silly placeDep ROOT d3-scale@4.0.2 OK for: victory-vendor@36.9.2 want: ^4.0.2
1909 silly placeDep ROOT d3-shape@3.2.0 OK for: victory-vendor@36.9.2 want: ^3.1.0
1910 silly placeDep ROOT d3-time@3.1.0 OK for: victory-vendor@36.9.2 want: ^3.0.0
1911 silly placeDep ROOT d3-timer@3.0.1 OK for: victory-vendor@36.9.2 want: ^3.0.1
1912 silly fetch manifest @types/d3-color@*
1913 silly packumentCache full:https://registry.npmjs.org/@types%2fd3-color cache-miss
1914 silly fetch manifest @types/d3-time@*
1915 silly packumentCache full:https://registry.npmjs.org/@types%2fd3-time cache-miss
1916 silly fetch manifest @types/d3-path@*
1917 silly packumentCache full:https://registry.npmjs.org/@types%2fd3-path cache-miss
1918 silly fetch manifest internmap@1 - 2
1919 silly packumentCache full:https://registry.npmjs.org/internmap cache-miss
1920 silly fetch manifest d3-color@1 - 3
1921 silly packumentCache full:https://registry.npmjs.org/d3-color cache-miss
1922 silly fetch manifest d3-format@1 - 3
1923 silly packumentCache full:https://registry.npmjs.org/d3-format cache-miss
1924 silly fetch manifest d3-time@2.1.1 - 3
1925 silly packumentCache full:https://registry.npmjs.org/d3-time cache-miss
1926 http fetch GET 200 https://registry.npmjs.org/@types%2fd3-time 11ms (cache hit)
1927 silly packumentCache full:https://registry.npmjs.org/@types%2fd3-time set size:52652 disposed:false
1928 silly fetch manifest d3-time-format@2 - 4
1929 silly packumentCache full:https://registry.npmjs.org/d3-time-format cache-miss
1930 http fetch GET 200 https://registry.npmjs.org/d3-time 10ms (cache hit)
1931 silly packumentCache full:https://registry.npmjs.org/d3-time set size:150406 disposed:false
1932 silly fetch manifest d3-path@^3.1.0
1933 silly packumentCache full:https://registry.npmjs.org/d3-path cache-miss
1934 http fetch GET 200 https://registry.npmjs.org/internmap 173ms (cache miss)
1935 silly packumentCache full:https://registry.npmjs.org/internmap set size:undefined disposed:false
1936 http fetch GET 200 https://registry.npmjs.org/d3-format 178ms (cache miss)
1937 silly packumentCache full:https://registry.npmjs.org/d3-format set size:undefined disposed:false
1938 http fetch GET 200 https://registry.npmjs.org/d3-path 175ms (cache miss)
1939 silly packumentCache full:https://registry.npmjs.org/d3-path set size:undefined disposed:false
1940 http fetch GET 200 https://registry.npmjs.org/d3-color 190ms (cache miss)
1941 silly packumentCache full:https://registry.npmjs.org/d3-color set size:undefined disposed:false
1942 http fetch GET 200 https://registry.npmjs.org/@types%2fd3-path 199ms (cache miss)
1943 silly packumentCache full:https://registry.npmjs.org/@types%2fd3-path set size:undefined disposed:false
1944 http fetch GET 200 https://registry.npmjs.org/@types%2fd3-color 201ms (cache miss)
1945 silly packumentCache full:https://registry.npmjs.org/@types%2fd3-color set size:undefined disposed:false
1946 http fetch GET 200 https://registry.npmjs.org/d3-time-format 190ms (cache miss)
1947 silly packumentCache full:https://registry.npmjs.org/d3-time-format set size:undefined disposed:false
1948 silly placeDep ROOT @types/d3-color@3.1.3 OK for: @types/d3-interpolate@3.0.4 want: *
1949 silly placeDep ROOT @types/d3-path@3.1.1 OK for: @types/d3-shape@3.1.8 want: *
1950 silly placeDep ROOT internmap@2.0.3 OK for: d3-array@3.2.4 want: 1 - 2
1951 silly placeDep ROOT d3-color@3.1.0 OK for: d3-interpolate@3.0.1 want: 1 - 3
1952 silly placeDep ROOT d3-format@3.1.2 OK for: d3-scale@4.0.2 want: 1 - 3
1953 silly placeDep ROOT d3-time-format@4.1.0 OK for: d3-scale@4.0.2 want: 2 - 4
1954 silly placeDep ROOT d3-path@3.1.0 OK for: d3-shape@3.2.0 want: ^3.1.0
1955 silly placeDep ROOT esbuild@0.25.12 OK for: vite@6.3.5 want: ^0.25.0
1956 silly placeDep ROOT fdir@6.5.0 OK for: vite@6.3.5 want: ^6.4.4
1957 silly placeDep ROOT fsevents@2.3.3 OK for: vite@6.3.5 want: ~2.3.3
1958 silly placeDep ROOT picomatch@4.0.4 OK for: vite@6.3.5 want: ^4.0.2
1959 silly placeDep ROOT postcss@8.5.9 OK for: vite@6.3.5 want: ^8.5.3
1960 silly placeDep ROOT rollup@4.60.1 OK for: vite@6.3.5 want: ^4.34.9
1961 silly placeDep ROOT tinyglobby@0.2.16 OK for: vite@6.3.5 want: ^0.2.13
1962 silly placeDep ROOT yaml@2.8.3 REPLACE for: vite@6.3.5 want: ^2.4.2
1963 silly fetch manifest @esbuild/aix-ppc64@0.25.12
1964 silly packumentCache full:https://registry.npmjs.org/@esbuild%2faix-ppc64 cache-miss
1965 silly fetch manifest @esbuild/linux-arm@0.25.12
1966 silly packumentCache full:https://registry.npmjs.org/@esbuild%2flinux-arm cache-miss
1967 silly fetch manifest @esbuild/linux-x64@0.25.12
1968 silly packumentCache full:https://registry.npmjs.org/@esbuild%2flinux-x64 cache-miss
1969 silly fetch manifest @esbuild/sunos-x64@0.25.12
1970 silly packumentCache full:https://registry.npmjs.org/@esbuild%2fsunos-x64 cache-miss
1971 silly fetch manifest @esbuild/win32-x64@0.25.12
1972 silly packumentCache full:https://registry.npmjs.org/@esbuild%2fwin32-x64 cache-miss
1973 silly fetch manifest @esbuild/darwin-x64@0.25.12
1974 silly packumentCache full:https://registry.npmjs.org/@esbuild%2fdarwin-x64 cache-miss
1975 silly fetch manifest @esbuild/linux-ia32@0.25.12
1976 silly packumentCache full:https://registry.npmjs.org/@esbuild%2flinux-ia32 cache-miss
1977 http fetch GET 200 https://registry.npmjs.org/@esbuild%2flinux-arm 192ms (cache miss)
1978 silly packumentCache full:https://registry.npmjs.org/@esbuild%2flinux-arm set size:undefined disposed:false
1979 silly fetch manifest @esbuild/netbsd-x64@0.25.12
1980 silly packumentCache full:https://registry.npmjs.org/@esbuild%2fnetbsd-x64 cache-miss
1981 http fetch GET 200 https://registry.npmjs.org/@esbuild%2fdarwin-x64 199ms (cache miss)
1982 silly packumentCache full:https://registry.npmjs.org/@esbuild%2fdarwin-x64 set size:undefined disposed:false
1983 silly fetch manifest @esbuild/win32-ia32@0.25.12
1984 silly packumentCache full:https://registry.npmjs.org/@esbuild%2fwin32-ia32 cache-miss
1985 http fetch GET 200 https://registry.npmjs.org/@esbuild%2fsunos-x64 207ms (cache miss)
1986 silly packumentCache full:https://registry.npmjs.org/@esbuild%2fsunos-x64 set size:undefined disposed:false
1987 silly fetch manifest @esbuild/android-arm@0.25.12
1988 silly packumentCache full:https://registry.npmjs.org/@esbuild%2fandroid-arm cache-miss
1989 http fetch GET 200 https://registry.npmjs.org/@esbuild%2flinux-ia32 210ms (cache miss)
1990 silly packumentCache full:https://registry.npmjs.org/@esbuild%2flinux-ia32 set size:undefined disposed:false
1991 silly fetch manifest @esbuild/android-x64@0.25.12
1992 silly packumentCache full:https://registry.npmjs.org/@esbuild%2fandroid-x64 cache-miss
1993 http fetch GET 200 https://registry.npmjs.org/@esbuild%2flinux-x64 216ms (cache miss)
1994 silly packumentCache full:https://registry.npmjs.org/@esbuild%2flinux-x64 set size:undefined disposed:false
1995 silly fetch manifest @esbuild/freebsd-x64@0.25.12
1996 silly packumentCache full:https://registry.npmjs.org/@esbuild%2ffreebsd-x64 cache-miss
1997 http fetch GET 200 https://registry.npmjs.org/@esbuild%2fwin32-x64 325ms (cache miss)
1998 silly packumentCache full:https://registry.npmjs.org/@esbuild%2fwin32-x64 set size:undefined disposed:false
1999 silly fetch manifest @esbuild/linux-arm64@0.25.12
2000 silly packumentCache full:https://registry.npmjs.org/@esbuild%2flinux-arm64 cache-miss
2001 http fetch GET 200 https://registry.npmjs.org/@esbuild%2fwin32-ia32 203ms (cache miss)
2002 silly packumentCache full:https://registry.npmjs.org/@esbuild%2fwin32-ia32 set size:undefined disposed:false
2003 silly fetch manifest @esbuild/linux-ppc64@0.25.12
2004 silly packumentCache full:https://registry.npmjs.org/@esbuild%2flinux-ppc64 cache-miss
2005 http fetch GET 200 https://registry.npmjs.org/@esbuild%2fnetbsd-x64 229ms (cache miss)
2006 silly packumentCache full:https://registry.npmjs.org/@esbuild%2fnetbsd-x64 set size:undefined disposed:false
2007 silly fetch manifest @esbuild/linux-s390x@0.25.12
2008 silly packumentCache full:https://registry.npmjs.org/@esbuild%2flinux-s390x cache-miss
2009 http fetch GET 200 https://registry.npmjs.org/@esbuild%2fandroid-x64 214ms (cache miss)
2010 silly packumentCache full:https://registry.npmjs.org/@esbuild%2fandroid-x64 set size:undefined disposed:false
2011 silly fetch manifest @esbuild/openbsd-x64@0.25.12
2012 silly packumentCache full:https://registry.npmjs.org/@esbuild%2fopenbsd-x64 cache-miss
2013 http fetch GET 200 https://registry.npmjs.org/@esbuild%2fandroid-arm 223ms (cache miss)
2014 silly packumentCache full:https://registry.npmjs.org/@esbuild%2fandroid-arm set size:undefined disposed:false
2015 silly fetch manifest @esbuild/win32-arm64@0.25.12
2016 silly packumentCache full:https://registry.npmjs.org/@esbuild%2fwin32-arm64 cache-miss
2017 http fetch GET 200 https://registry.npmjs.org/@esbuild%2ffreebsd-x64 219ms (cache miss)
2018 silly packumentCache full:https://registry.npmjs.org/@esbuild%2ffreebsd-x64 set size:undefined disposed:false
2019 silly fetch manifest @esbuild/darwin-arm64@0.25.12
2020 silly packumentCache full:https://registry.npmjs.org/@esbuild%2fdarwin-arm64 cache-miss
2021 http fetch GET 200 https://registry.npmjs.org/@esbuild%2flinux-arm64 190ms (cache miss)
2022 silly packumentCache full:https://registry.npmjs.org/@esbuild%2flinux-arm64 set size:undefined disposed:false
2023 silly fetch manifest @esbuild/netbsd-arm64@0.25.12
2024 silly packumentCache full:https://registry.npmjs.org/@esbuild%2fnetbsd-arm64 cache-miss
2025 http fetch GET 200 https://registry.npmjs.org/@esbuild%2flinux-ppc64 191ms (cache miss)
2026 silly packumentCache full:https://registry.npmjs.org/@esbuild%2flinux-ppc64 set size:undefined disposed:false
2027 silly fetch manifest @esbuild/android-arm64@0.25.12
2028 silly packumentCache full:https://registry.npmjs.org/@esbuild%2fandroid-arm64 cache-miss
2029 http fetch GET 200 https://registry.npmjs.org/@esbuild%2flinux-s390x 184ms (cache miss)
2030 silly packumentCache full:https://registry.npmjs.org/@esbuild%2flinux-s390x set size:undefined disposed:false
2031 silly fetch manifest @esbuild/freebsd-arm64@0.25.12
2032 silly packumentCache full:https://registry.npmjs.org/@esbuild%2ffreebsd-arm64 cache-miss
2033 http fetch GET 200 https://registry.npmjs.org/@esbuild%2fopenbsd-x64 201ms (cache miss)
2034 silly packumentCache full:https://registry.npmjs.org/@esbuild%2fopenbsd-x64 set size:undefined disposed:false
2035 silly fetch manifest @esbuild/linux-loong64@0.25.12
2036 silly packumentCache full:https://registry.npmjs.org/@esbuild%2flinux-loong64 cache-miss
2037 http fetch GET 200 https://registry.npmjs.org/@esbuild%2fwin32-arm64 204ms (cache miss)
2038 silly packumentCache full:https://registry.npmjs.org/@esbuild%2fwin32-arm64 set size:undefined disposed:false
2039 silly fetch manifest @esbuild/linux-riscv64@0.25.12
2040 silly packumentCache full:https://registry.npmjs.org/@esbuild%2flinux-riscv64 cache-miss
2041 http fetch GET 200 https://registry.npmjs.org/@esbuild%2fdarwin-arm64 203ms (cache miss)
2042 silly packumentCache full:https://registry.npmjs.org/@esbuild%2fdarwin-arm64 set size:undefined disposed:false
2043 silly fetch manifest @esbuild/openbsd-arm64@0.25.12
2044 silly packumentCache full:https://registry.npmjs.org/@esbuild%2fopenbsd-arm64 cache-miss
2045 http fetch GET 200 https://registry.npmjs.org/@esbuild%2fnetbsd-arm64 185ms (cache miss)
2046 silly packumentCache full:https://registry.npmjs.org/@esbuild%2fnetbsd-arm64 set size:undefined disposed:false
2047 silly fetch manifest @esbuild/linux-mips64el@0.25.12
2048 silly packumentCache full:https://registry.npmjs.org/@esbuild%2flinux-mips64el cache-miss
2049 http fetch GET 200 https://registry.npmjs.org/@esbuild%2ffreebsd-arm64 182ms (cache miss)
2050 silly packumentCache full:https://registry.npmjs.org/@esbuild%2ffreebsd-arm64 set size:undefined disposed:false
2051 silly fetch manifest @esbuild/openharmony-arm64@0.25.12
2052 silly packumentCache full:https://registry.npmjs.org/@esbuild%2fopenharmony-arm64 cache-miss
2053 http fetch GET 200 https://registry.npmjs.org/@esbuild%2fandroid-arm64 199ms (cache miss)
2054 silly packumentCache full:https://registry.npmjs.org/@esbuild%2fandroid-arm64 set size:undefined disposed:false
2055 silly fetch manifest nanoid@^3.3.11
2056 silly packumentCache full:https://registry.npmjs.org/nanoid cache-miss
2057 http fetch GET 200 https://registry.npmjs.org/@esbuild%2flinux-loong64 191ms (cache miss)
2058 silly packumentCache full:https://registry.npmjs.org/@esbuild%2flinux-loong64 set size:undefined disposed:false
2059 silly fetch manifest @types/estree@1.0.8
2060 silly packumentCache full:https://registry.npmjs.org/@types%2festree cache-miss
2061 http fetch GET 200 https://registry.npmjs.org/@esbuild%2fopenbsd-arm64 196ms (cache miss)
2062 silly packumentCache full:https://registry.npmjs.org/@esbuild%2fopenbsd-arm64 set size:undefined disposed:false
2063 silly fetch manifest @rollup/rollup-darwin-arm64@4.60.1
2064 silly packumentCache full:https://registry.npmjs.org/@rollup%2frollup-darwin-arm64 cache-miss
2065 http fetch GET 200 https://registry.npmjs.org/@esbuild%2flinux-riscv64 202ms (cache miss)
2066 silly packumentCache full:https://registry.npmjs.org/@esbuild%2flinux-riscv64 set size:undefined disposed:false
2067 silly fetch manifest @rollup/rollup-android-arm64@4.60.1
2068 silly packumentCache full:https://registry.npmjs.org/@rollup%2frollup-android-arm64 cache-miss
2069 http fetch GET 200 https://registry.npmjs.org/@esbuild%2flinux-mips64el 189ms (cache miss)
2070 silly packumentCache full:https://registry.npmjs.org/@esbuild%2flinux-mips64el set size:undefined disposed:false
2071 silly fetch manifest @rollup/rollup-win32-arm64-msvc@4.60.1
2072 silly packumentCache full:https://registry.npmjs.org/@rollup%2frollup-win32-arm64-msvc cache-miss
2073 http fetch GET 200 https://registry.npmjs.org/@esbuild%2faix-ppc64 959ms (cache miss)
2074 silly packumentCache full:https://registry.npmjs.org/@esbuild%2faix-ppc64 set size:undefined disposed:false
2075 silly fetch manifest @rollup/rollup-freebsd-arm64@4.60.1
2076 silly packumentCache full:https://registry.npmjs.org/@rollup%2frollup-freebsd-arm64 cache-miss
2077 http fetch GET 200 https://registry.npmjs.org/nanoid 191ms (cache miss)
2078 silly packumentCache full:https://registry.npmjs.org/nanoid set size:undefined disposed:false
2079 silly fetch manifest @rollup/rollup-linux-arm64-gnu@4.60.1
2080 silly packumentCache full:https://registry.npmjs.org/@rollup%2frollup-linux-arm64-gnu cache-miss
2081 http fetch GET 200 https://registry.npmjs.org/@esbuild%2fopenharmony-arm64 207ms (cache miss)
2082 silly packumentCache full:https://registry.npmjs.org/@esbuild%2fopenharmony-arm64 set size:undefined disposed:false
2083 silly fetch manifest @rollup/rollup-linux-arm64-musl@4.60.1
2084 silly packumentCache full:https://registry.npmjs.org/@rollup%2frollup-linux-arm64-musl cache-miss
2085 http fetch GET 200 https://registry.npmjs.org/@types%2festree 179ms (cache miss)
2086 silly packumentCache full:https://registry.npmjs.org/@types%2festree set size:undefined disposed:false
2087 silly fetch manifest @rollup/rollup-android-arm-eabi@4.60.1
2088 silly packumentCache full:https://registry.npmjs.org/@rollup%2frollup-android-arm-eabi cache-miss
2089 http fetch GET 200 https://registry.npmjs.org/@rollup%2frollup-android-arm64 239ms (cache miss)
2090 silly packumentCache full:https://registry.npmjs.org/@rollup%2frollup-android-arm64 set size:undefined disposed:false
2091 silly fetch manifest @rollup/rollup-linux-arm-gnueabihf@4.60.1
2092 silly packumentCache full:https://registry.npmjs.org/@rollup%2frollup-linux-arm-gnueabihf cache-miss
2093 http fetch GET 200 https://registry.npmjs.org/@rollup%2frollup-darwin-arm64 249ms (cache miss)
2094 silly packumentCache full:https://registry.npmjs.org/@rollup%2frollup-darwin-arm64 set size:undefined disposed:false
2095 silly fetch manifest @rollup/rollup-linux-arm-musleabihf@4.60.1
2096 silly packumentCache full:https://registry.npmjs.org/@rollup%2frollup-linux-arm-musleabihf cache-miss
2097 http fetch GET 200 https://registry.npmjs.org/@rollup%2frollup-win32-arm64-msvc 208ms (cache miss)
2098 silly packumentCache full:https://registry.npmjs.org/@rollup%2frollup-win32-arm64-msvc set size:undefined disposed:false
2099 silly fetch manifest @rollup/rollup-win32-ia32-msvc@4.60.1
2100 silly packumentCache full:https://registry.npmjs.org/@rollup%2frollup-win32-ia32-msvc cache-miss
2101 http fetch GET 200 https://registry.npmjs.org/@rollup%2frollup-freebsd-arm64 188ms (cache miss)
2102 silly packumentCache full:https://registry.npmjs.org/@rollup%2frollup-freebsd-arm64 set size:undefined disposed:false
2103 silly fetch manifest @rollup/rollup-linux-loong64-gnu@4.60.1
2104 silly packumentCache full:https://registry.npmjs.org/@rollup%2frollup-linux-loong64-gnu cache-miss
2105 http fetch GET 200 https://registry.npmjs.org/@rollup%2frollup-android-arm-eabi 196ms (cache miss)
2106 silly packumentCache full:https://registry.npmjs.org/@rollup%2frollup-android-arm-eabi set size:undefined disposed:false
2107 silly fetch manifest @rollup/rollup-linux-loong64-musl@4.60.1
2108 silly packumentCache full:https://registry.npmjs.org/@rollup%2frollup-linux-loong64-musl cache-miss
2109 http fetch GET 200 https://registry.npmjs.org/@rollup%2frollup-linux-arm64-gnu 216ms (cache miss)
2110 silly packumentCache full:https://registry.npmjs.org/@rollup%2frollup-linux-arm64-gnu set size:undefined disposed:false
2111 silly fetch manifest @rollup/rollup-linux-riscv64-gnu@4.60.1
2112 silly packumentCache full:https://registry.npmjs.org/@rollup%2frollup-linux-riscv64-gnu cache-miss
2113 http fetch GET 200 https://registry.npmjs.org/@rollup%2frollup-linux-arm64-musl 216ms (cache miss)
2114 silly packumentCache full:https://registry.npmjs.org/@rollup%2frollup-linux-arm64-musl set size:undefined disposed:false
2115 silly fetch manifest @rollup/rollup-linux-riscv64-musl@4.60.1
2116 silly packumentCache full:https://registry.npmjs.org/@rollup%2frollup-linux-riscv64-musl cache-miss
2117 http fetch GET 200 https://registry.npmjs.org/@rollup%2frollup-linux-arm-gnueabihf 203ms (cache miss)
2118 silly packumentCache full:https://registry.npmjs.org/@rollup%2frollup-linux-arm-gnueabihf set size:undefined disposed:false
2119 silly fetch manifest @rollup/rollup-linux-ppc64-gnu@4.60.1
2120 silly packumentCache full:https://registry.npmjs.org/@rollup%2frollup-linux-ppc64-gnu cache-miss
2121 http fetch GET 200 https://registry.npmjs.org/@rollup%2frollup-linux-arm-musleabihf 207ms (cache miss)
2122 silly packumentCache full:https://registry.npmjs.org/@rollup%2frollup-linux-arm-musleabihf set size:undefined disposed:false
2123 silly fetch manifest @rollup/rollup-linux-ppc64-musl@4.60.1
2124 silly packumentCache full:https://registry.npmjs.org/@rollup%2frollup-linux-ppc64-musl cache-miss
2125 http fetch GET 200 https://registry.npmjs.org/@rollup%2frollup-win32-ia32-msvc 199ms (cache miss)
2126 silly packumentCache full:https://registry.npmjs.org/@rollup%2frollup-win32-ia32-msvc set size:undefined disposed:false
2127 silly fetch manifest @rollup/rollup-linux-s390x-gnu@4.60.1
2128 silly packumentCache full:https://registry.npmjs.org/@rollup%2frollup-linux-s390x-gnu cache-miss
2129 http fetch GET 200 https://registry.npmjs.org/@rollup%2frollup-linux-loong64-gnu 187ms (cache miss)
2130 silly packumentCache full:https://registry.npmjs.org/@rollup%2frollup-linux-loong64-gnu set size:undefined disposed:false
2131 silly fetch manifest @rollup/rollup-darwin-x64@4.60.1
2132 silly packumentCache full:https://registry.npmjs.org/@rollup%2frollup-darwin-x64 cache-miss
2133 http fetch GET 200 https://registry.npmjs.org/@rollup%2frollup-linux-loong64-musl 187ms (cache miss)
2134 silly packumentCache full:https://registry.npmjs.org/@rollup%2frollup-linux-loong64-musl set size:undefined disposed:false
2135 silly fetch manifest @rollup/rollup-win32-x64-gnu@4.60.1
2136 silly packumentCache full:https://registry.npmjs.org/@rollup%2frollup-win32-x64-gnu cache-miss
2137 http fetch GET 200 https://registry.npmjs.org/@rollup%2frollup-linux-riscv64-musl 183ms (cache miss)
2138 silly packumentCache full:https://registry.npmjs.org/@rollup%2frollup-linux-riscv64-musl set size:undefined disposed:false
2139 silly fetch manifest @rollup/rollup-win32-x64-msvc@4.60.1
2140 silly packumentCache full:https://registry.npmjs.org/@rollup%2frollup-win32-x64-msvc cache-miss
2141 http fetch GET 200 https://registry.npmjs.org/@rollup%2frollup-linux-riscv64-gnu 194ms (cache miss)
2142 silly packumentCache full:https://registry.npmjs.org/@rollup%2frollup-linux-riscv64-gnu set size:undefined disposed:false
2143 silly fetch manifest @rollup/rollup-freebsd-x64@4.60.1
2144 silly packumentCache full:https://registry.npmjs.org/@rollup%2frollup-freebsd-x64 cache-miss
2145 http fetch GET 200 https://registry.npmjs.org/@rollup%2frollup-linux-ppc64-gnu 185ms (cache miss)
2146 silly packumentCache full:https://registry.npmjs.org/@rollup%2frollup-linux-ppc64-gnu set size:undefined disposed:false
2147 silly fetch manifest @rollup/rollup-linux-x64-gnu@4.60.1
2148 silly packumentCache full:https://registry.npmjs.org/@rollup%2frollup-linux-x64-gnu cache-miss
2149 http fetch GET 200 https://registry.npmjs.org/@rollup%2frollup-linux-ppc64-musl 184ms (cache miss)
2150 silly packumentCache full:https://registry.npmjs.org/@rollup%2frollup-linux-ppc64-musl set size:undefined disposed:false
2151 silly fetch manifest @rollup/rollup-linux-x64-musl@4.60.1
2152 silly packumentCache full:https://registry.npmjs.org/@rollup%2frollup-linux-x64-musl cache-miss
2153 http fetch GET 200 https://registry.npmjs.org/@rollup%2frollup-linux-s390x-gnu 196ms (cache miss)
2154 silly packumentCache full:https://registry.npmjs.org/@rollup%2frollup-linux-s390x-gnu set size:undefined disposed:false
2155 silly fetch manifest @rollup/rollup-openbsd-x64@4.60.1
2156 silly packumentCache full:https://registry.npmjs.org/@rollup%2frollup-openbsd-x64 cache-miss
2157 http fetch GET 200 https://registry.npmjs.org/@rollup%2frollup-darwin-x64 182ms (cache miss)
2158 silly packumentCache full:https://registry.npmjs.org/@rollup%2frollup-darwin-x64 set size:undefined disposed:false
2159 silly fetch manifest @rollup/rollup-openharmony-arm64@4.60.1
2160 silly packumentCache full:https://registry.npmjs.org/@rollup%2frollup-openharmony-arm64 cache-miss
2161 http fetch GET 200 https://registry.npmjs.org/@rollup%2frollup-win32-x64-gnu 184ms (cache miss)
2162 silly packumentCache full:https://registry.npmjs.org/@rollup%2frollup-win32-x64-gnu set size:undefined disposed:false
2163 http fetch GET 200 https://registry.npmjs.org/@rollup%2frollup-freebsd-x64 193ms (cache miss)
2164 silly packumentCache full:https://registry.npmjs.org/@rollup%2frollup-freebsd-x64 set size:undefined disposed:false
2165 http fetch GET 200 https://registry.npmjs.org/@rollup%2frollup-win32-x64-msvc 206ms (cache miss)
2166 silly packumentCache full:https://registry.npmjs.org/@rollup%2frollup-win32-x64-msvc set size:undefined disposed:false
2167 http fetch GET 200 https://registry.npmjs.org/@rollup%2frollup-linux-x64-gnu 220ms (cache miss)
2168 silly packumentCache full:https://registry.npmjs.org/@rollup%2frollup-linux-x64-gnu set size:undefined disposed:false
2169 http fetch GET 200 https://registry.npmjs.org/@rollup%2frollup-openharmony-arm64 183ms (cache miss)
2170 silly packumentCache full:https://registry.npmjs.org/@rollup%2frollup-openharmony-arm64 set size:undefined disposed:false
2171 http fetch GET 200 https://registry.npmjs.org/@rollup%2frollup-openbsd-x64 200ms (cache miss)
2172 silly packumentCache full:https://registry.npmjs.org/@rollup%2frollup-openbsd-x64 set size:undefined disposed:false
2173 http fetch GET 200 https://registry.npmjs.org/@rollup%2frollup-linux-x64-musl 221ms (cache miss)
2174 silly packumentCache full:https://registry.npmjs.org/@rollup%2frollup-linux-x64-musl set size:undefined disposed:false
2175 silly placeDep node_modules/cosmiconfig yaml@1.10.3 OK for: cosmiconfig@7.1.0 want: ^1.10.0
2176 silly placeDep ROOT @esbuild/aix-ppc64@0.25.12 OK for: esbuild@0.25.12 want: 0.25.12
2177 silly placeDep ROOT @esbuild/android-arm@0.25.12 OK for: esbuild@0.25.12 want: 0.25.12
2178 silly placeDep ROOT @esbuild/android-arm64@0.25.12 OK for: esbuild@0.25.12 want: 0.25.12
2179 silly placeDep ROOT @esbuild/android-x64@0.25.12 OK for: esbuild@0.25.12 want: 0.25.12
2180 silly placeDep ROOT @esbuild/darwin-arm64@0.25.12 OK for: esbuild@0.25.12 want: 0.25.12
2181 silly placeDep ROOT @esbuild/darwin-x64@0.25.12 OK for: esbuild@0.25.12 want: 0.25.12
2182 silly placeDep ROOT @esbuild/freebsd-arm64@0.25.12 OK for: esbuild@0.25.12 want: 0.25.12
2183 silly placeDep ROOT @esbuild/freebsd-x64@0.25.12 OK for: esbuild@0.25.12 want: 0.25.12
2184 silly placeDep ROOT @esbuild/linux-arm@0.25.12 OK for: esbuild@0.25.12 want: 0.25.12
2185 silly placeDep ROOT @esbuild/linux-arm64@0.25.12 OK for: esbuild@0.25.12 want: 0.25.12
2186 silly placeDep ROOT @esbuild/linux-ia32@0.25.12 OK for: esbuild@0.25.12 want: 0.25.12
2187 silly placeDep ROOT @esbuild/linux-loong64@0.25.12 OK for: esbuild@0.25.12 want: 0.25.12
2188 silly placeDep ROOT @esbuild/linux-mips64el@0.25.12 OK for: esbuild@0.25.12 want: 0.25.12
2189 silly placeDep ROOT @esbuild/linux-ppc64@0.25.12 OK for: esbuild@0.25.12 want: 0.25.12
2190 silly placeDep ROOT @esbuild/linux-riscv64@0.25.12 OK for: esbuild@0.25.12 want: 0.25.12
2191 silly placeDep ROOT @esbuild/linux-s390x@0.25.12 OK for: esbuild@0.25.12 want: 0.25.12
2192 silly placeDep ROOT @esbuild/linux-x64@0.25.12 OK for: esbuild@0.25.12 want: 0.25.12
2193 silly placeDep ROOT @esbuild/netbsd-arm64@0.25.12 OK for: esbuild@0.25.12 want: 0.25.12
2194 silly placeDep ROOT @esbuild/netbsd-x64@0.25.12 OK for: esbuild@0.25.12 want: 0.25.12
2195 silly placeDep ROOT @esbuild/openbsd-arm64@0.25.12 OK for: esbuild@0.25.12 want: 0.25.12
2196 silly placeDep ROOT @esbuild/openbsd-x64@0.25.12 OK for: esbuild@0.25.12 want: 0.25.12
2197 silly placeDep ROOT @esbuild/openharmony-arm64@0.25.12 OK for: esbuild@0.25.12 want: 0.25.12
2198 silly placeDep ROOT @esbuild/sunos-x64@0.25.12 OK for: esbuild@0.25.12 want: 0.25.12
2199 silly placeDep ROOT @esbuild/win32-arm64@0.25.12 OK for: esbuild@0.25.12 want: 0.25.12
2200 silly placeDep ROOT @esbuild/win32-ia32@0.25.12 OK for: esbuild@0.25.12 want: 0.25.12
2201 silly placeDep ROOT @esbuild/win32-x64@0.25.12 OK for: esbuild@0.25.12 want: 0.25.12
2202 silly placeDep ROOT nanoid@3.3.11 OK for: postcss@8.5.9 want: ^3.3.11
2203 silly placeDep ROOT @rollup/rollup-android-arm-eabi@4.60.1 OK for: rollup@4.60.1 want: 4.60.1
2204 silly placeDep ROOT @rollup/rollup-android-arm64@4.60.1 OK for: rollup@4.60.1 want: 4.60.1
2205 silly placeDep ROOT @rollup/rollup-darwin-arm64@4.60.1 OK for: rollup@4.60.1 want: 4.60.1
2206 silly placeDep ROOT @rollup/rollup-darwin-x64@4.60.1 OK for: rollup@4.60.1 want: 4.60.1
2207 silly placeDep ROOT @rollup/rollup-freebsd-arm64@4.60.1 OK for: rollup@4.60.1 want: 4.60.1
2208 silly placeDep ROOT @rollup/rollup-freebsd-x64@4.60.1 OK for: rollup@4.60.1 want: 4.60.1
2209 silly placeDep ROOT @rollup/rollup-linux-arm-gnueabihf@4.60.1 OK for: rollup@4.60.1 want: 4.60.1
2210 silly placeDep ROOT @rollup/rollup-linux-arm-musleabihf@4.60.1 OK for: rollup@4.60.1 want: 4.60.1
2211 silly placeDep ROOT @rollup/rollup-linux-arm64-gnu@4.60.1 OK for: rollup@4.60.1 want: 4.60.1
2212 silly placeDep ROOT @rollup/rollup-linux-arm64-musl@4.60.1 OK for: rollup@4.60.1 want: 4.60.1
2213 silly placeDep ROOT @rollup/rollup-linux-loong64-gnu@4.60.1 OK for: rollup@4.60.1 want: 4.60.1
2214 silly placeDep ROOT @rollup/rollup-linux-loong64-musl@4.60.1 OK for: rollup@4.60.1 want: 4.60.1
2215 silly placeDep ROOT @rollup/rollup-linux-ppc64-gnu@4.60.1 OK for: rollup@4.60.1 want: 4.60.1
2216 silly placeDep ROOT @rollup/rollup-linux-ppc64-musl@4.60.1 OK for: rollup@4.60.1 want: 4.60.1
2217 silly placeDep ROOT @rollup/rollup-linux-riscv64-gnu@4.60.1 OK for: rollup@4.60.1 want: 4.60.1
2218 silly placeDep ROOT @rollup/rollup-linux-riscv64-musl@4.60.1 OK for: rollup@4.60.1 want: 4.60.1
2219 silly placeDep ROOT @rollup/rollup-linux-s390x-gnu@4.60.1 OK for: rollup@4.60.1 want: 4.60.1
2220 silly placeDep ROOT @rollup/rollup-linux-x64-gnu@4.60.1 OK for: rollup@4.60.1 want: 4.60.1
2221 silly placeDep ROOT @rollup/rollup-linux-x64-musl@4.60.1 OK for: rollup@4.60.1 want: 4.60.1
2222 silly placeDep ROOT @rollup/rollup-openbsd-x64@4.60.1 OK for: rollup@4.60.1 want: 4.60.1
2223 silly placeDep ROOT @rollup/rollup-openharmony-arm64@4.60.1 OK for: rollup@4.60.1 want: 4.60.1
2224 silly placeDep ROOT @rollup/rollup-win32-arm64-msvc@4.60.1 OK for: rollup@4.60.1 want: 4.60.1
2225 silly placeDep ROOT @rollup/rollup-win32-ia32-msvc@4.60.1 OK for: rollup@4.60.1 want: 4.60.1
2226 silly placeDep ROOT @rollup/rollup-win32-x64-gnu@4.60.1 OK for: rollup@4.60.1 want: 4.60.1
2227 silly placeDep ROOT @rollup/rollup-win32-x64-msvc@4.60.1 OK for: rollup@4.60.1 want: 4.60.1
2228 silly placeDep ROOT @types/estree@1.0.8 OK for: rollup@4.60.1 want: 1.0.8
2229 silly placeDep ROOT adler-32@1.3.1 OK for: xlsx@0.18.5 want: ~1.3.0
2230 silly placeDep ROOT cfb@1.2.2 OK for: xlsx@0.18.5 want: ~1.2.1
2231 silly placeDep ROOT codepage@1.15.0 OK for: xlsx@0.18.5 want: ~1.15.0
2232 silly placeDep ROOT crc-32@1.2.2 OK for: xlsx@0.18.5 want: ~1.2.1
2233 silly placeDep ROOT ssf@0.11.2 OK for: xlsx@0.18.5 want: ~0.11.2
2234 silly placeDep ROOT wmf@1.0.2 OK for: xlsx@0.18.5 want: ~1.0.1
2235 silly placeDep ROOT word@0.3.0 OK for: xlsx@0.18.5 want: ~0.3.0
2236 silly fetch manifest crc-32@~1.2.0
2237 silly packumentCache full:https://registry.npmjs.org/crc-32 cache-hit
2238 silly fetch manifest frac@~1.1.2
2239 silly packumentCache full:https://registry.npmjs.org/frac cache-miss
2240 http fetch GET 200 https://registry.npmjs.org/frac 171ms (cache revalidated)
2241 silly packumentCache full:https://registry.npmjs.org/frac set size:21080 disposed:false
2242 silly placeDep ROOT frac@1.1.2 OK for: ssf@0.11.2 want: ~1.1.2
2243 silly reify mark retired [
2243 silly reify   '/Users/enyata/Downloads/Implement File Instructions/node_modules/baseline-browser-mapping',
2243 silly reify   '/Users/enyata/Downloads/Implement File Instructions/node_modules/.bin/baseline-browser-mapping'
2243 silly reify ]
2244 silly reify mark retired [
2244 silly reify   '/Users/enyata/Downloads/Implement File Instructions/node_modules/caniuse-lite'
2244 silly reify ]
2245 silly reify mark retired [
2245 silly reify   '/Users/enyata/Downloads/Implement File Instructions/node_modules/electron-to-chromium'
2245 silly reify ]
2246 silly reify mark retired [
2246 silly reify   '/Users/enyata/Downloads/Implement File Instructions/node_modules/postcss'
2246 silly reify ]
2247 silly reify mark retired [
2247 silly reify   '/Users/enyata/Downloads/Implement File Instructions/node_modules/react-is'
2247 silly reify ]
2248 silly reify mark retired [
2248 silly reify   '/Users/enyata/Downloads/Implement File Instructions/node_modules/react-router'
2248 silly reify ]
2249 silly reify mark retired [
2249 silly reify   '/Users/enyata/Downloads/Implement File Instructions/node_modules/react-router-dom/node_modules/react-router'
2249 silly reify ]
2250 silly reify mark retired [
2250 silly reify   '/Users/enyata/Downloads/Implement File Instructions/node_modules/resolve',
2250 silly reify   '/Users/enyata/Downloads/Implement File Instructions/node_modules/.bin/resolve'
2250 silly reify ]
2251 silly reify mark retired [
2251 silly reify   '/Users/enyata/Downloads/Implement File Instructions/node_modules/tinyglobby'
2251 silly reify ]
2252 silly reify mark retired [
2252 silly reify   '/Users/enyata/Downloads/Implement File Instructions/node_modules/@mui/private-theming'
2252 silly reify ]
2253 silly reify mark retired [
2253 silly reify   '/Users/enyata/Downloads/Implement File Instructions/node_modules/@mui/styled-engine'
2253 silly reify ]
2254 silly reify mark retired [
2254 silly reify   '/Users/enyata/Downloads/Implement File Instructions/node_modules/@mui/system'
2254 silly reify ]
2255 silly reify mark retired [
2255 silly reify   '/Users/enyata/Downloads/Implement File Instructions/node_modules/@mui/utils'
2255 silly reify ]
2256 silly reify mark retired [
2256 silly reify   '/Users/enyata/Downloads/Implement File Instructions/node_modules/@mui/core-downloads-tracker'
2256 silly reify ]
2257 silly reify moves {
2257 silly reify   '/Users/enyata/Downloads/Implement File Instructions/node_modules/baseline-browser-mapping': '/Users/enyata/Downloads/Implement File Instructions/node_modules/.baseline-browser-mapping-DFRZONk9',
2257 silly reify   '/Users/enyata/Downloads/Implement File Instructions/node_modules/.bin/baseline-browser-mapping': '/Users/enyata/Downloads/Implement File Instructions/node_modules/.bin/.baseline-browser-mapping-vje9SCXj',
2257 silly reify   '/Users/enyata/Downloads/Implement File Instructions/node_modules/caniuse-lite': '/Users/enyata/Downloads/Implement File Instructions/node_modules/.caniuse-lite-VTMlITAg',
2257 silly reify   '/Users/enyata/Downloads/Implement File Instructions/node_modules/electron-to-chromium': '/Users/enyata/Downloads/Implement File Instructions/node_modules/.electron-to-chromium-DMVs3rzb',
2257 silly reify   '/Users/enyata/Downloads/Implement File Instructions/node_modules/postcss': '/Users/enyata/Downloads/Implement File Instructions/node_modules/.postcss-i3SqT0mO',
2257 silly reify   '/Users/enyata/Downloads/Implement File Instructions/node_modules/react-is': '/Users/enyata/Downloads/Implement File Instructions/node_modules/.react-is-kJIngSVG',
2257 silly reify   '/Users/enyata/Downloads/Implement File Instructions/node_modules/react-router': '/Users/enyata/Downloads/Implement File Instructions/node_modules/.react-router-olugynkf',
2257 silly reify   '/Users/enyata/Downloads/Implement File Instructions/node_modules/react-router-dom/node_modules/react-router': '/Users/enyata/Downloads/Implement File Instructions/node_modules/react-router-dom/node_modules/.react-router-VbCUAkGk',
2257 silly reify   '/Users/enyata/Downloads/Implement File Instructions/node_modules/resolve': '/Users/enyata/Downloads/Implement File Instructions/node_modules/.resolve-8o23JJaJ',
2257 silly reify   '/Users/enyata/Downloads/Implement File Instructions/node_modules/.bin/resolve': '/Users/enyata/Downloads/Implement File Instructions/node_modules/.bin/.resolve-9XXY0klL',
2257 silly reify   '/Users/enyata/Downloads/Implement File Instructions/node_modules/tinyglobby': '/Users/enyata/Downloads/Implement File Instructions/node_modules/.tinyglobby-YqkCGE5x',
2257 silly reify   '/Users/enyata/Downloads/Implement File Instructions/node_modules/@mui/private-theming': '/Users/enyata/Downloads/Implement File Instructions/node_modules/@mui/.private-theming-DSTM2dtq',
2257 silly reify   '/Users/enyata/Downloads/Implement File Instructions/node_modules/@mui/styled-engine': '/Users/enyata/Downloads/Implement File Instructions/node_modules/@mui/.styled-engine-oGWXv9Pq',
2257 silly reify   '/Users/enyata/Downloads/Implement File Instructions/node_modules/@mui/system': '/Users/enyata/Downloads/Implement File Instructions/node_modules/@mui/.system-7ZughEAM',
2257 silly reify   '/Users/enyata/Downloads/Implement File Instructions/node_modules/@mui/utils': '/Users/enyata/Downloads/Implement File Instructions/node_modules/@mui/.utils-2JV5yYEv',
2257 silly reify   '/Users/enyata/Downloads/Implement File Instructions/node_modules/@mui/core-downloads-tracker': '/Users/enyata/Downloads/Implement File Instructions/node_modules/@mui/.core-downloads-tracker-99Ha73gN'
2257 silly reify }
2258 verbose stack Error: EACCES: permission denied, rename '/Users/enyata/Downloads/Implement File Instructions/node_modules/react-router-dom/node_modules/react-router' -> '/Users/enyata/Downloads/Implement File Instructions/node_modules/react-router-dom/node_modules/.react-router-VbCUAkGk'
2258 verbose stack     at async Object.rename (node:internal/fs/promises:782:10)
2258 verbose stack     at async moveFile (/Users/enyata/.nvm/versions/node/v20.19.4/lib/node_modules/npm/node_modules/@npmcli/fs/lib/move-file.js:30:5)
2258 verbose stack     at async Promise.allSettled (index 7)
2258 verbose stack     at async [reifyPackages] (/Users/enyata/.nvm/versions/node/v20.19.4/lib/node_modules/npm/node_modules/@npmcli/arborist/lib/arborist/reify.js:325:11)
2258 verbose stack     at async Arborist.reify (/Users/enyata/.nvm/versions/node/v20.19.4/lib/node_modules/npm/node_modules/@npmcli/arborist/lib/arborist/reify.js:142:5)
2258 verbose stack     at async Install.exec (/Users/enyata/.nvm/versions/node/v20.19.4/lib/node_modules/npm/lib/commands/install.js:150:5)
2258 verbose stack     at async Npm.exec (/Users/enyata/.nvm/versions/node/v20.19.4/lib/node_modules/npm/lib/npm.js:207:9)
2258 verbose stack     at async module.exports (/Users/enyata/.nvm/versions/node/v20.19.4/lib/node_modules/npm/lib/cli/entry.js:74:5)
2259 error code EACCES
2260 error syscall rename
2261 error path /Users/enyata/Downloads/Implement File Instructions/node_modules/react-router-dom/node_modules/react-router
2262 error dest /Users/enyata/Downloads/Implement File Instructions/node_modules/react-router-dom/node_modules/.react-router-VbCUAkGk
2263 error errno -13
2264 error Error: EACCES: permission denied, rename '/Users/enyata/Downloads/Implement File Instructions/node_modules/react-router-dom/node_modules/react-router' -> '/Users/enyata/Downloads/Implement File Instructions/node_modules/react-router-dom/node_modules/.react-router-VbCUAkGk'
2264 error     at async Object.rename (node:internal/fs/promises:782:10)
2264 error     at async moveFile (/Users/enyata/.nvm/versions/node/v20.19.4/lib/node_modules/npm/node_modules/@npmcli/fs/lib/move-file.js:30:5)
2264 error     at async Promise.allSettled (index 7)
2264 error     at async [reifyPackages] (/Users/enyata/.nvm/versions/node/v20.19.4/lib/node_modules/npm/node_modules/@npmcli/arborist/lib/arborist/reify.js:325:11)
2264 error     at async Arborist.reify (/Users/enyata/.nvm/versions/node/v20.19.4/lib/node_modules/npm/node_modules/@npmcli/arborist/lib/arborist/reify.js:142:5)
2264 error     at async Install.exec (/Users/enyata/.nvm/versions/node/v20.19.4/lib/node_modules/npm/lib/commands/install.js:150:5)
2264 error     at async Npm.exec (/Users/enyata/.nvm/versions/node/v20.19.4/lib/node_modules/npm/lib/npm.js:207:9)
2264 error     at async module.exports (/Users/enyata/.nvm/versions/node/v20.19.4/lib/node_modules/npm/lib/cli/entry.js:74:5) {
2264 error   errno: -13,
2264 error   code: 'EACCES',
2264 error   syscall: 'rename',
2264 error   path: '/Users/enyata/Downloads/Implement File Instructions/node_modules/react-router-dom/node_modules/react-router',
2264 error   dest: '/Users/enyata/Downloads/Implement File Instructions/node_modules/react-router-dom/node_modules/.react-router-VbCUAkGk'
2264 error }
2265 error
2265 error The operation was rejected by your operating system.
2265 error It is likely you do not have the permissions to access this file as the current user
2265 error
2265 error If you believe this might be a permissions issue, please double-check the
2265 error permissions of the file and its containing directories, or try running
2265 error the command again as root/Administrator.
2266 silly unfinished npm timer reify 1776122022849
2267 silly unfinished npm timer reify:retireShallow 1776122080284
2268 verbose cwd /Users/enyata/Downloads/Implement File Instructions
2269 verbose os Darwin 23.6.0
2270 verbose node v20.19.4
2271 verbose npm  v10.8.2
2272 verbose exit -13
2273 verbose code -13
2274 error A complete log of this run can be found in: /Users/enyata/Downloads/Implement File Instructions/.npm-cache/_logs/2026-04-13T23_13_42_252Z-debug-0.log
